backbone,tsk_pretext,d_pretext,head_pred,ft_strategy,tsk_target,d_target,frac_dtarget,metric_target,metric
aLLM4TS,aLLM4TS,AD,aLLM4TS,Full Finetune,HAR,KH,1.0,accuracy,0.7430555555555555
aLLM4TS,aLLM4TS,AD,hiaac,Full Finetune,HAR,KH,1.0,accuracy,0.6527777777777777
aLLM4TS,aLLM4TS,AD,aLLM4TS,Partial Freeze,HAR,KH,1.0,accuracy,0.7453703703703703
aLLM4TS,aLLM4TS,AD,hiaac,Partial Freeze,HAR,KH,1.0,accuracy,0.6481481481481483
aLLM4TS,aLLM4TS,AD,aLLM4TS,Freeze,HAR,KH,1.0,accuracy,0.6712962962962963
aLLM4TS,aLLM4TS,AD,hiaac,Freeze,HAR,KH,1.0,accuracy,0.7175925925925926
aLLM4TS,aLLM4TS,AD,aLLM4TS,Full Finetune,HAR,KH,0.1,accuracy,0.30092592592592593
aLLM4TS,aLLM4TS,AD,hiaac,Full Finetune,HAR,KH,0.1,accuracy,0.25
aLLM4TS,aLLM4TS,AD,aLLM4TS,Partial Freeze,HAR,KH,0.1,accuracy,0.3101851851851852
aLLM4TS,aLLM4TS,AD,hiaac,Partial Freeze,HAR,KH,0.1,accuracy,0.2407407407407407
aLLM4TS,aLLM4TS,AD,aLLM4TS,Freeze,HAR,KH,0.1,accuracy,0.2824074074074074
aLLM4TS,aLLM4TS,AD,hiaac,Freeze,HAR,KH,0.1,accuracy,0.2800925925925926
aLLM4TS,aLLM4TS,AD,aLLM4TS,Full Finetune,HAR,KH,0.01,accuracy,0.19675925925925927
aLLM4TS,aLLM4TS,AD,hiaac,Full Finetune,HAR,KH,0.01,accuracy,0.19444444444444442
aLLM4TS,aLLM4TS,AD,aLLM4TS,Partial Freeze,HAR,KH,0.01,accuracy,0.19675925925925927
aLLM4TS,aLLM4TS,AD,hiaac,Partial Freeze,HAR,KH,0.01,accuracy,0.19444444444444442
aLLM4TS,aLLM4TS,AD,aLLM4TS,Freeze,HAR,KH,0.01,accuracy,0.17361111111111113
aLLM4TS,aLLM4TS,AD,hiaac,Freeze,HAR,KH,0.01,accuracy,0.1921296296296296
aLLM4TS,aLLM4TS,AD,aLLM4TS,Full Finetune,HAR,KH,0.5,accuracy,0.5763888888888888
aLLM4TS,aLLM4TS,AD,hiaac,Full Finetune,HAR,KH,0.5,accuracy,0.6273148148148148
aLLM4TS,aLLM4TS,AD,aLLM4TS,Partial Freeze,HAR,KH,0.5,accuracy,0.5671296296296297
aLLM4TS,aLLM4TS,AD,hiaac,Partial Freeze,HAR,KH,0.5,accuracy,0.6087962962962963
aLLM4TS,aLLM4TS,AD,aLLM4TS,Freeze,HAR,KH,0.5,accuracy,0.6342592592592592
aLLM4TS,aLLM4TS,AD,hiaac,Freeze,HAR,KH,0.5,accuracy,0.6064814814814815
aLLM4TS,aLLM4TS,AE,aLLM4TS,Full Finetune,HAR,KH,1.0,accuracy,0.7106481481481483
aLLM4TS,aLLM4TS,AE,hiaac,Full Finetune,HAR,KH,1.0,accuracy,0.7731481481481483
aLLM4TS,aLLM4TS,AE,aLLM4TS,Partial Freeze,HAR,KH,1.0,accuracy,0.6481481481481481
aLLM4TS,aLLM4TS,AE,hiaac,Partial Freeze,HAR,KH,1.0,accuracy,0.7175925925925926
aLLM4TS,aLLM4TS,AE,aLLM4TS,Freeze,HAR,KH,1.0,accuracy,0.6597222222222221
aLLM4TS,aLLM4TS,AE,hiaac,Freeze,HAR,KH,1.0,accuracy,0.6736111111111112
aLLM4TS,aLLM4TS,AE,aLLM4TS,Full Finetune,HAR,KH,0.1,accuracy,0.3055555555555556
aLLM4TS,aLLM4TS,AE,hiaac,Full Finetune,HAR,KH,0.1,accuracy,0.17592592592592593
aLLM4TS,aLLM4TS,AE,aLLM4TS,Partial Freeze,HAR,KH,0.1,accuracy,0.3217592592592593
aLLM4TS,aLLM4TS,AE,hiaac,Partial Freeze,HAR,KH,0.1,accuracy,0.1921296296296296
aLLM4TS,aLLM4TS,AE,aLLM4TS,Freeze,HAR,KH,0.1,accuracy,0.28472222222222227
aLLM4TS,aLLM4TS,AE,hiaac,Freeze,HAR,KH,0.1,accuracy,0.3101851851851852
aLLM4TS,aLLM4TS,AE,aLLM4TS,Full Finetune,HAR,KH,0.01,accuracy,0.17129629629629625
aLLM4TS,aLLM4TS,AE,hiaac,Full Finetune,HAR,KH,0.01,accuracy,0.23842592592592593
aLLM4TS,aLLM4TS,AE,aLLM4TS,Partial Freeze,HAR,KH,0.01,accuracy,0.17129629629629625
aLLM4TS,aLLM4TS,AE,hiaac,Partial Freeze,HAR,KH,0.01,accuracy,0.23842592592592593
aLLM4TS,aLLM4TS,AE,aLLM4TS,Freeze,HAR,KH,0.01,accuracy,0.17361111111111108
aLLM4TS,aLLM4TS,AE,hiaac,Freeze,HAR,KH,0.01,accuracy,0.19444444444444442
aLLM4TS,aLLM4TS,AE,aLLM4TS,Full Finetune,HAR,KH,0.5,accuracy,0.5833333333333333
aLLM4TS,aLLM4TS,AE,hiaac,Full Finetune,HAR,KH,0.5,accuracy,0.5393518518518519
aLLM4TS,aLLM4TS,AE,aLLM4TS,Partial Freeze,HAR,KH,0.5,accuracy,0.5925925925925926
aLLM4TS,aLLM4TS,AE,hiaac,Partial Freeze,HAR,KH,0.5,accuracy,0.5300925925925926
aLLM4TS,aLLM4TS,AE,aLLM4TS,Freeze,HAR,KH,0.5,accuracy,0.5694444444444445
aLLM4TS,aLLM4TS,AE,hiaac,Freeze,HAR,KH,0.5,accuracy,0.6087962962962963
aLLM4TS,aLLM4TS,A,aLLM4TS,Full Finetune,HAR,KH,1.0,accuracy,0.6921296296296298
aLLM4TS,aLLM4TS,A,hiaac,Full Finetune,HAR,KH,1.0,accuracy,0.6504629629629629
aLLM4TS,aLLM4TS,A,aLLM4TS,Partial Freeze,HAR,KH,1.0,accuracy,0.6782407407407408
aLLM4TS,aLLM4TS,A,hiaac,Partial Freeze,HAR,KH,1.0,accuracy,0.7060185185185185
aLLM4TS,aLLM4TS,A,aLLM4TS,Freeze,HAR,KH,1.0,accuracy,0.6550925925925927
aLLM4TS,aLLM4TS,A,hiaac,Freeze,HAR,KH,1.0,accuracy,0.673611111111111
aLLM4TS,aLLM4TS,A,aLLM4TS,Full Finetune,HAR,KH,0.1,accuracy,0.26157407407407407
aLLM4TS,aLLM4TS,A,hiaac,Full Finetune,HAR,KH,0.1,accuracy,0.33796296296296297
aLLM4TS,aLLM4TS,A,aLLM4TS,Partial Freeze,HAR,KH,0.1,accuracy,0.2986111111111111
aLLM4TS,aLLM4TS,A,hiaac,Partial Freeze,HAR,KH,0.1,accuracy,0.27546296296296297
aLLM4TS,aLLM4TS,A,aLLM4TS,Freeze,HAR,KH,0.1,accuracy,0.29398148148148145
aLLM4TS,aLLM4TS,A,hiaac,Freeze,HAR,KH,0.1,accuracy,0.3634259259259259
aLLM4TS,aLLM4TS,A,aLLM4TS,Full Finetune,HAR,KH,0.01,accuracy,0.1921296296296296
aLLM4TS,aLLM4TS,A,hiaac,Full Finetune,HAR,KH,0.01,accuracy,0.17824074074074073
aLLM4TS,aLLM4TS,A,aLLM4TS,Partial Freeze,HAR,KH,0.01,accuracy,0.1921296296296296
aLLM4TS,aLLM4TS,A,hiaac,Partial Freeze,HAR,KH,0.01,accuracy,0.17824074074074073
aLLM4TS,aLLM4TS,A,aLLM4TS,Freeze,HAR,KH,0.01,accuracy,0.2199074074074074
aLLM4TS,aLLM4TS,A,hiaac,Freeze,HAR,KH,0.01,accuracy,0.1875
aLLM4TS,aLLM4TS,A,aLLM4TS,Full Finetune,HAR,KH,0.5,accuracy,0.613425925925926
aLLM4TS,aLLM4TS,A,hiaac,Full Finetune,HAR,KH,0.5,accuracy,0.4976851851851851
aLLM4TS,aLLM4TS,A,aLLM4TS,Partial Freeze,HAR,KH,0.5,accuracy,0.6203703703703703
aLLM4TS,aLLM4TS,A,hiaac,Partial Freeze,HAR,KH,0.5,accuracy,0.638888888888889
aLLM4TS,aLLM4TS,A,aLLM4TS,Freeze,HAR,KH,0.5,accuracy,0.613425925925926
aLLM4TS,aLLM4TS,A,hiaac,Freeze,HAR,KH,0.5,accuracy,0.6018518518518519
aLLM4TS,aLLM4TS,AD,aLLM4TS,Full Finetune,HAR,MS,1.0,accuracy,0.908662900188324
aLLM4TS,aLLM4TS,AD,hiaac,Full Finetune,HAR,MS,1.0,accuracy,0.8992467043314502
aLLM4TS,aLLM4TS,AD,aLLM4TS,Partial Freeze,HAR,MS,1.0,accuracy,0.9130571249215316
aLLM4TS,aLLM4TS,AD,hiaac,Partial Freeze,HAR,MS,1.0,accuracy,0.9026993094789704
aLLM4TS,aLLM4TS,AD,aLLM4TS,Freeze,HAR,MS,1.0,accuracy,0.8487131198995606
aLLM4TS,aLLM4TS,AD,hiaac,Freeze,HAR,MS,1.0,accuracy,0.8618957940991839
aLLM4TS,aLLM4TS,AD,aLLM4TS,Full Finetune,HAR,MS,0.1,accuracy,0.38763339610797237
aLLM4TS,aLLM4TS,AD,hiaac,Full Finetune,HAR,MS,0.1,accuracy,0.39799121155053363
aLLM4TS,aLLM4TS,AD,aLLM4TS,Partial Freeze,HAR,MS,0.1,accuracy,0.4623352165725047
aLLM4TS,aLLM4TS,AD,hiaac,Partial Freeze,HAR,MS,0.1,accuracy,0.3826114249843063
aLLM4TS,aLLM4TS,AD,aLLM4TS,Freeze,HAR,MS,0.1,accuracy,0.42153170119271816
aLLM4TS,aLLM4TS,AD,hiaac,Freeze,HAR,MS,0.1,accuracy,0.3810420590081607
aLLM4TS,aLLM4TS,AD,aLLM4TS,Full Finetune,HAR,MS,0.01,accuracy,0.22316384180790957
aLLM4TS,aLLM4TS,AD,hiaac,Full Finetune,HAR,MS,0.01,accuracy,0.2187696170747018
aLLM4TS,aLLM4TS,AD,aLLM4TS,Partial Freeze,HAR,MS,0.01,accuracy,0.23226616446955428
aLLM4TS,aLLM4TS,AD,hiaac,Partial Freeze,HAR,MS,0.01,accuracy,0.22316384180790957
aLLM4TS,aLLM4TS,AD,aLLM4TS,Freeze,HAR,MS,0.01,accuracy,0.19930947897049592
aLLM4TS,aLLM4TS,AD,hiaac,Freeze,HAR,MS,0.01,accuracy,0.21249215317011927
aLLM4TS,aLLM4TS,AD,aLLM4TS,Full Finetune,HAR,MS,0.5,accuracy,0.8534212178279974
aLLM4TS,aLLM4TS,AD,hiaac,Full Finetune,HAR,MS,0.5,accuracy,0.8060263653483992
aLLM4TS,aLLM4TS,AD,aLLM4TS,Partial Freeze,HAR,MS,0.5,accuracy,0.8380414312617702
aLLM4TS,aLLM4TS,AD,hiaac,Partial Freeze,HAR,MS,0.5,accuracy,0.827683615819209
aLLM4TS,aLLM4TS,AD,aLLM4TS,Freeze,HAR,MS,0.5,accuracy,0.8010043942247332
aLLM4TS,aLLM4TS,AD,hiaac,Freeze,HAR,MS,0.5,accuracy,0.7997489014438166
aLLM4TS,aLLM4TS,AE,aLLM4TS,Full Finetune,HAR,MS,1.0,accuracy,0.9099183929692404
aLLM4TS,aLLM4TS,AE,hiaac,Full Finetune,HAR,MS,1.0,accuracy,0.8870056497175142
aLLM4TS,aLLM4TS,AE,aLLM4TS,Partial Freeze,HAR,MS,1.0,accuracy,0.8876333961079723
aLLM4TS,aLLM4TS,AE,hiaac,Partial Freeze,HAR,MS,1.0,accuracy,0.8380414312617702
aLLM4TS,aLLM4TS,AE,aLLM4TS,Freeze,HAR,MS,1.0,accuracy,0.8584431889516635
aLLM4TS,aLLM4TS,AE,hiaac,Freeze,HAR,MS,1.0,accuracy,0.8446327683615819
aLLM4TS,aLLM4TS,AE,aLLM4TS,Full Finetune,HAR,MS,0.1,accuracy,0.4824231010671689
aLLM4TS,aLLM4TS,AE,hiaac,Full Finetune,HAR,MS,0.1,accuracy,0.31732580037664787
aLLM4TS,aLLM4TS,AE,aLLM4TS,Partial Freeze,HAR,MS,0.1,accuracy,0.42090395480225995
aLLM4TS,aLLM4TS,AE,hiaac,Partial Freeze,HAR,MS,0.1,accuracy,0.35499058380414317
aLLM4TS,aLLM4TS,AE,aLLM4TS,Freeze,HAR,MS,0.1,accuracy,0.36409290646578785
aLLM4TS,aLLM4TS,AE,hiaac,Freeze,HAR,MS,0.1,accuracy,0.39610797237915885
aLLM4TS,aLLM4TS,AE,aLLM4TS,Full Finetune,HAR,MS,0.01,accuracy,0.1914626490897677
aLLM4TS,aLLM4TS,AE,hiaac,Full Finetune,HAR,MS,0.01,accuracy,0.1942875078468299
aLLM4TS,aLLM4TS,AE,aLLM4TS,Partial Freeze,HAR,MS,0.01,accuracy,0.19585687382297556
aLLM4TS,aLLM4TS,AE,hiaac,Partial Freeze,HAR,MS,0.01,accuracy,0.20056497175141239
aLLM4TS,aLLM4TS,AE,aLLM4TS,Freeze,HAR,MS,0.01,accuracy,0.17922159447583177
aLLM4TS,aLLM4TS,AE,hiaac,Freeze,HAR,MS,0.01,accuracy,0.19899560577526682
aLLM4TS,aLLM4TS,AE,aLLM4TS,Full Finetune,HAR,MS,0.5,accuracy,0.8600125549278091
aLLM4TS,aLLM4TS,AE,hiaac,Full Finetune,HAR,MS,0.5,accuracy,0.5988700564971752
aLLM4TS,aLLM4TS,AE,aLLM4TS,Partial Freeze,HAR,MS,0.5,accuracy,0.8449466415568111
aLLM4TS,aLLM4TS,AE,hiaac,Partial Freeze,HAR,MS,0.5,accuracy,0.8038292529817954
aLLM4TS,aLLM4TS,AE,aLLM4TS,Freeze,HAR,MS,0.5,accuracy,0.7724419334588827
aLLM4TS,aLLM4TS,AE,hiaac,Freeze,HAR,MS,0.5,accuracy,0.7840552416823603
aLLM4TS,aLLM4TS,A,aLLM4TS,Full Finetune,HAR,MS,1.0,accuracy,0.8838669177652229
aLLM4TS,aLLM4TS,A,hiaac,Full Finetune,HAR,MS,1.0,accuracy,0.8810420590081608
aLLM4TS,aLLM4TS,A,aLLM4TS,Partial Freeze,HAR,MS,1.0,accuracy,0.9039548022598871
aLLM4TS,aLLM4TS,A,hiaac,Partial Freeze,HAR,MS,1.0,accuracy,0.8703703703703703
aLLM4TS,aLLM4TS,A,aLLM4TS,Freeze,HAR,MS,1.0,accuracy,0.8593848085373509
aLLM4TS,aLLM4TS,A,hiaac,Freeze,HAR,MS,1.0,accuracy,0.8640929064657876
aLLM4TS,aLLM4TS,A,aLLM4TS,Full Finetune,HAR,MS,0.1,accuracy,0.516949152542373
aLLM4TS,aLLM4TS,A,hiaac,Full Finetune,HAR,MS,0.1,accuracy,0.3217200251098556
aLLM4TS,aLLM4TS,A,aLLM4TS,Partial Freeze,HAR,MS,0.1,accuracy,0.43879472693032023
aLLM4TS,aLLM4TS,A,hiaac,Partial Freeze,HAR,MS,0.1,accuracy,0.3659761456371626
aLLM4TS,aLLM4TS,A,aLLM4TS,Freeze,HAR,MS,0.1,accuracy,0.44413057124921523
aLLM4TS,aLLM4TS,A,hiaac,Freeze,HAR,MS,0.1,accuracy,0.4444444444444444
aLLM4TS,aLLM4TS,A,aLLM4TS,Full Finetune,HAR,MS,0.01,accuracy,0.22630257376020085
aLLM4TS,aLLM4TS,A,hiaac,Full Finetune,HAR,MS,0.01,accuracy,0.2247332077840552
aLLM4TS,aLLM4TS,A,aLLM4TS,Partial Freeze,HAR,MS,0.01,accuracy,0.25455116133082234
aLLM4TS,aLLM4TS,A,hiaac,Partial Freeze,HAR,MS,0.01,accuracy,0.22128060263653482
aLLM4TS,aLLM4TS,A,aLLM4TS,Freeze,HAR,MS,0.01,accuracy,0.2332077840552417
aLLM4TS,aLLM4TS,A,hiaac,Freeze,HAR,MS,0.01,accuracy,0.22284996861268047
aLLM4TS,aLLM4TS,A,aLLM4TS,Full Finetune,HAR,MS,0.5,accuracy,0.8527934714375393
aLLM4TS,aLLM4TS,A,hiaac,Full Finetune,HAR,MS,0.5,accuracy,0.8195229127432517
aLLM4TS,aLLM4TS,A,aLLM4TS,Partial Freeze,HAR,MS,0.5,accuracy,0.8662900188323917
aLLM4TS,aLLM4TS,A,hiaac,Partial Freeze,HAR,MS,0.5,accuracy,0.8408662900188325
aLLM4TS,aLLM4TS,A,aLLM4TS,Freeze,HAR,MS,0.5,accuracy,0.7919020715630886
aLLM4TS,aLLM4TS,A,hiaac,Freeze,HAR,MS,0.5,accuracy,0.8085373509102323
aLLM4TS,aLLM4TS,AD,aLLM4TS,Full Finetune,HAR,RW-Thigh,1.0,accuracy,0.7713365539452497
aLLM4TS,aLLM4TS,AD,hiaac,Full Finetune,HAR,RW-Thigh,1.0,accuracy,0.7759374281113413
aLLM4TS,aLLM4TS,AD,aLLM4TS,Partial Freeze,HAR,RW-Thigh,1.0,accuracy,0.7784679089026915
aLLM4TS,aLLM4TS,AD,hiaac,Partial Freeze,HAR,RW-Thigh,1.0,accuracy,0.765125373821026
aLLM4TS,aLLM4TS,AD,aLLM4TS,Freeze,HAR,RW-Thigh,1.0,accuracy,0.7254428341384864
aLLM4TS,aLLM4TS,AD,hiaac,Freeze,HAR,RW-Thigh,1.0,accuracy,0.7397055440533703
aLLM4TS,aLLM4TS,AD,aLLM4TS,Full Finetune,HAR,RW-Thigh,0.1,accuracy,0.6245686680469289
aLLM4TS,aLLM4TS,AD,hiaac,Full Finetune,HAR,RW-Thigh,0.1,accuracy,0.2755923625488843
aLLM4TS,aLLM4TS,AD,aLLM4TS,Partial Freeze,HAR,RW-Thigh,0.1,accuracy,0.589602024384633
aLLM4TS,aLLM4TS,AD,hiaac,Partial Freeze,HAR,RW-Thigh,0.1,accuracy,0.32574189095928224
aLLM4TS,aLLM4TS,AD,aLLM4TS,Freeze,HAR,RW-Thigh,0.1,accuracy,0.5347365999539914
aLLM4TS,aLLM4TS,AD,hiaac,Freeze,HAR,RW-Thigh,0.1,accuracy,0.5731538992408558
aLLM4TS,aLLM4TS,AD,aLLM4TS,Full Finetune,HAR,RW-Thigh,0.01,accuracy,0.21060501495284104
aLLM4TS,aLLM4TS,AD,hiaac,Full Finetune,HAR,RW-Thigh,0.01,accuracy,0.20220841959972397
aLLM4TS,aLLM4TS,AD,aLLM4TS,Partial Freeze,HAR,RW-Thigh,0.01,accuracy,0.19829767655854613
aLLM4TS,aLLM4TS,AD,hiaac,Partial Freeze,HAR,RW-Thigh,0.01,accuracy,0.2307338394294916
aLLM4TS,aLLM4TS,AD,aLLM4TS,Freeze,HAR,RW-Thigh,0.01,accuracy,0.22187715665976537
aLLM4TS,aLLM4TS,AD,hiaac,Freeze,HAR,RW-Thigh,0.01,accuracy,0.2339544513457557
aLLM4TS,aLLM4TS,AD,aLLM4TS,Full Finetune,HAR,RW-Thigh,0.5,accuracy,0.7600644122383252
aLLM4TS,aLLM4TS,AD,hiaac,Full Finetune,HAR,RW-Thigh,0.5,accuracy,0.7401656314699793
aLLM4TS,aLLM4TS,AD,aLLM4TS,Partial Freeze,HAR,RW-Thigh,0.5,accuracy,0.7468368990108121
aLLM4TS,aLLM4TS,AD,hiaac,Partial Freeze,HAR,RW-Thigh,0.5,accuracy,0.7367149758454107
aLLM4TS,aLLM4TS,AD,aLLM4TS,Freeze,HAR,RW-Thigh,0.5,accuracy,0.7302737520128825
aLLM4TS,aLLM4TS,AD,hiaac,Freeze,HAR,RW-Thigh,0.5,accuracy,0.7346445824706694
aLLM4TS,aLLM4TS,AE,aLLM4TS,Full Finetune,HAR,RW-Thigh,1.0,accuracy,0.7499424890729238
aLLM4TS,aLLM4TS,AE,hiaac,Full Finetune,HAR,RW-Thigh,1.0,accuracy,0.7573038877386703
aLLM4TS,aLLM4TS,AE,aLLM4TS,Partial Freeze,HAR,RW-Thigh,1.0,accuracy,0.7500575109270762
aLLM4TS,aLLM4TS,AE,hiaac,Partial Freeze,HAR,RW-Thigh,1.0,accuracy,0.7660455486542442
aLLM4TS,aLLM4TS,AE,aLLM4TS,Freeze,HAR,RW-Thigh,1.0,accuracy,0.7418909592822636
aLLM4TS,aLLM4TS,AE,hiaac,Freeze,HAR,RW-Thigh,1.0,accuracy,0.7421210029905683
aLLM4TS,aLLM4TS,AE,aLLM4TS,Full Finetune,HAR,RW-Thigh,0.1,accuracy,0.5677478720956982
aLLM4TS,aLLM4TS,AE,hiaac,Full Finetune,HAR,RW-Thigh,0.1,accuracy,0.39602024384633083
aLLM4TS,aLLM4TS,AE,aLLM4TS,Partial Freeze,HAR,RW-Thigh,0.1,accuracy,0.5418679549114332
aLLM4TS,aLLM4TS,AE,hiaac,Partial Freeze,HAR,RW-Thigh,0.1,accuracy,0.3191856452726018
aLLM4TS,aLLM4TS,AE,aLLM4TS,Freeze,HAR,RW-Thigh,0.1,accuracy,0.5327812284334024
aLLM4TS,aLLM4TS,AE,hiaac,Freeze,HAR,RW-Thigh,0.1,accuracy,0.5172532781228433
aLLM4TS,aLLM4TS,AE,aLLM4TS,Full Finetune,HAR,RW-Thigh,0.01,accuracy,0.20232344145387626
aLLM4TS,aLLM4TS,AE,hiaac,Full Finetune,HAR,RW-Thigh,0.01,accuracy,0.20508396595353118
aLLM4TS,aLLM4TS,AE,aLLM4TS,Partial Freeze,HAR,RW-Thigh,0.01,accuracy,0.20749942489072923
aLLM4TS,aLLM4TS,AE,hiaac,Partial Freeze,HAR,RW-Thigh,0.01,accuracy,0.20715435932827242
aLLM4TS,aLLM4TS,AE,aLLM4TS,Freeze,HAR,RW-Thigh,0.01,accuracy,0.20105820105820105
aLLM4TS,aLLM4TS,AE,hiaac,Freeze,HAR,RW-Thigh,0.01,accuracy,0.20922475270301355
aLLM4TS,aLLM4TS,AE,aLLM4TS,Full Finetune,HAR,RW-Thigh,0.5,accuracy,0.7409707844490453
aLLM4TS,aLLM4TS,AE,hiaac,Full Finetune,HAR,RW-Thigh,0.5,accuracy,0.7490223142397057
aLLM4TS,aLLM4TS,AE,aLLM4TS,Partial Freeze,HAR,RW-Thigh,0.5,accuracy,0.7652403956751783
aLLM4TS,aLLM4TS,AE,hiaac,Partial Freeze,HAR,RW-Thigh,0.5,accuracy,0.7490223142397057
aLLM4TS,aLLM4TS,AE,aLLM4TS,Freeze,HAR,RW-Thigh,0.5,accuracy,0.7234874626178973
aLLM4TS,aLLM4TS,AE,hiaac,Freeze,HAR,RW-Thigh,0.5,accuracy,0.7086496434322521
aLLM4TS,aLLM4TS,A,aLLM4TS,Full Finetune,HAR,RW-Thigh,1.0,accuracy,0.7670807453416146
aLLM4TS,aLLM4TS,A,hiaac,Full Finetune,HAR,RW-Thigh,1.0,accuracy,0.7498274672187716
aLLM4TS,aLLM4TS,A,aLLM4TS,Partial Freeze,HAR,RW-Thigh,1.0,accuracy,0.7739820565907523
aLLM4TS,aLLM4TS,A,hiaac,Partial Freeze,HAR,RW-Thigh,1.0,accuracy,0.5550954681389464
aLLM4TS,aLLM4TS,A,aLLM4TS,Freeze,HAR,RW-Thigh,1.0,accuracy,0.7315389924085577
aLLM4TS,aLLM4TS,A,hiaac,Freeze,HAR,RW-Thigh,1.0,accuracy,0.7193466758684149
aLLM4TS,aLLM4TS,A,aLLM4TS,Full Finetune,HAR,RW-Thigh,0.1,accuracy,0.5748792270531401
aLLM4TS,aLLM4TS,A,hiaac,Full Finetune,HAR,RW-Thigh,0.1,accuracy,0.5587761674718196
aLLM4TS,aLLM4TS,A,aLLM4TS,Partial Freeze,HAR,RW-Thigh,0.1,accuracy,0.5328962502875546
aLLM4TS,aLLM4TS,A,hiaac,Partial Freeze,HAR,RW-Thigh,0.1,accuracy,0.33563377041637915
aLLM4TS,aLLM4TS,A,aLLM4TS,Freeze,HAR,RW-Thigh,0.1,accuracy,0.5663676098458708
aLLM4TS,aLLM4TS,A,hiaac,Freeze,HAR,RW-Thigh,0.1,accuracy,0.5547504025764897
aLLM4TS,aLLM4TS,A,aLLM4TS,Full Finetune,HAR,RW-Thigh,0.01,accuracy,0.1955371520588912
aLLM4TS,aLLM4TS,A,hiaac,Full Finetune,HAR,RW-Thigh,0.01,accuracy,0.1789740050609616
aLLM4TS,aLLM4TS,A,aLLM4TS,Partial Freeze,HAR,RW-Thigh,0.01,accuracy,0.23567977915804003
aLLM4TS,aLLM4TS,A,hiaac,Partial Freeze,HAR,RW-Thigh,0.01,accuracy,0.18046928916494132
aLLM4TS,aLLM4TS,A,aLLM4TS,Freeze,HAR,RW-Thigh,0.01,accuracy,0.23360938578329882
aLLM4TS,aLLM4TS,A,hiaac,Freeze,HAR,RW-Thigh,0.01,accuracy,0.24430641821946172
aLLM4TS,aLLM4TS,A,aLLM4TS,Full Finetune,HAR,RW-Thigh,0.5,accuracy,0.7645502645502645
aLLM4TS,aLLM4TS,A,hiaac,Full Finetune,HAR,RW-Thigh,0.5,accuracy,0.7422360248447205
aLLM4TS,aLLM4TS,A,aLLM4TS,Partial Freeze,HAR,RW-Thigh,0.5,accuracy,0.7415458937198067
aLLM4TS,aLLM4TS,A,hiaac,Partial Freeze,HAR,RW-Thigh,0.5,accuracy,0.7391304347826088
aLLM4TS,aLLM4TS,A,aLLM4TS,Freeze,HAR,RW-Thigh,0.5,accuracy,0.7168161950770647
aLLM4TS,aLLM4TS,A,hiaac,Freeze,HAR,RW-Thigh,0.5,accuracy,0.7134805613066483
aLLM4TS,aLLM4TS,AD,aLLM4TS,Full Finetune,HAR,RW-Waist,1.0,accuracy,0.8011831275720165
aLLM4TS,aLLM4TS,AD,hiaac,Full Finetune,HAR,RW-Waist,1.0,accuracy,0.7876800411522633
aLLM4TS,aLLM4TS,AD,aLLM4TS,Partial Freeze,HAR,RW-Waist,1.0,accuracy,0.7874228395061728
aLLM4TS,aLLM4TS,AD,hiaac,Partial Freeze,HAR,RW-Waist,1.0,accuracy,0.8009259259259259
aLLM4TS,aLLM4TS,AD,aLLM4TS,Freeze,HAR,RW-Waist,1.0,accuracy,0.7824074074074074
aLLM4TS,aLLM4TS,AD,hiaac,Freeze,HAR,RW-Waist,1.0,accuracy,0.7822788065843621
aLLM4TS,aLLM4TS,AD,aLLM4TS,Full Finetune,HAR,RW-Waist,0.1,accuracy,0.6198559670781894
aLLM4TS,aLLM4TS,AD,hiaac,Full Finetune,HAR,RW-Waist,0.1,accuracy,0.594264403292181
aLLM4TS,aLLM4TS,AD,aLLM4TS,Partial Freeze,HAR,RW-Waist,0.1,accuracy,0.6526491769547326
aLLM4TS,aLLM4TS,AD,hiaac,Partial Freeze,HAR,RW-Waist,0.1,accuracy,0.599022633744856
aLLM4TS,aLLM4TS,AD,aLLM4TS,Freeze,HAR,RW-Waist,0.1,accuracy,0.6397890946502057
aLLM4TS,aLLM4TS,AD,hiaac,Freeze,HAR,RW-Waist,0.1,accuracy,0.6364454732510287
aLLM4TS,aLLM4TS,AD,aLLM4TS,Full Finetune,HAR,RW-Waist,0.01,accuracy,0.3019547325102881
aLLM4TS,aLLM4TS,AD,hiaac,Full Finetune,HAR,RW-Waist,0.01,accuracy,0.28665123456790126
aLLM4TS,aLLM4TS,AD,aLLM4TS,Partial Freeze,HAR,RW-Waist,0.01,accuracy,0.2860082304526749
aLLM4TS,aLLM4TS,AD,hiaac,Partial Freeze,HAR,RW-Waist,0.01,accuracy,0.2984825102880659
aLLM4TS,aLLM4TS,AD,aLLM4TS,Freeze,HAR,RW-Waist,0.01,accuracy,0.30118312757201643
aLLM4TS,aLLM4TS,AD,hiaac,Freeze,HAR,RW-Waist,0.01,accuracy,0.30529835390946497
aLLM4TS,aLLM4TS,AD,aLLM4TS,Full Finetune,HAR,RW-Waist,0.5,accuracy,0.7915380658436213
aLLM4TS,aLLM4TS,AD,hiaac,Full Finetune,HAR,RW-Waist,0.5,accuracy,0.7637602880658436
aLLM4TS,aLLM4TS,AD,aLLM4TS,Partial Freeze,HAR,RW-Waist,0.5,accuracy,0.7901234567901234
aLLM4TS,aLLM4TS,AD,hiaac,Partial Freeze,HAR,RW-Waist,0.5,accuracy,0.758616255144033
aLLM4TS,aLLM4TS,AD,aLLM4TS,Freeze,HAR,RW-Waist,0.5,accuracy,0.7632458847736623
aLLM4TS,aLLM4TS,AD,hiaac,Freeze,HAR,RW-Waist,0.5,accuracy,0.7772633744855968
aLLM4TS,aLLM4TS,AE,aLLM4TS,Full Finetune,HAR,RW-Waist,1.0,accuracy,0.799511316872428
aLLM4TS,aLLM4TS,AE,hiaac,Full Finetune,HAR,RW-Waist,1.0,accuracy,0.8031121399176956
aLLM4TS,aLLM4TS,AE,aLLM4TS,Partial Freeze,HAR,RW-Waist,1.0,accuracy,0.7926954732510287
aLLM4TS,aLLM4TS,AE,hiaac,Partial Freeze,HAR,RW-Waist,1.0,accuracy,0.7968106995884773
aLLM4TS,aLLM4TS,AE,aLLM4TS,Freeze,HAR,RW-Waist,1.0,accuracy,0.7788065843621399
aLLM4TS,aLLM4TS,AE,hiaac,Freeze,HAR,RW-Waist,1.0,accuracy,0.7836934156378601
aLLM4TS,aLLM4TS,AE,aLLM4TS,Full Finetune,HAR,RW-Waist,0.1,accuracy,0.5985082304526749
aLLM4TS,aLLM4TS,AE,hiaac,Full Finetune,HAR,RW-Waist,0.1,accuracy,0.5963220164609053
aLLM4TS,aLLM4TS,AE,aLLM4TS,Partial Freeze,HAR,RW-Waist,0.1,accuracy,0.650977366255144
aLLM4TS,aLLM4TS,AE,hiaac,Partial Freeze,HAR,RW-Waist,0.1,accuracy,0.563914609053498
aLLM4TS,aLLM4TS,AE,aLLM4TS,Freeze,HAR,RW-Waist,0.1,accuracy,0.6138117283950617
aLLM4TS,aLLM4TS,AE,hiaac,Freeze,HAR,RW-Waist,0.1,accuracy,0.6132973251028807
aLLM4TS,aLLM4TS,AE,aLLM4TS,Full Finetune,HAR,RW-Waist,0.01,accuracy,0.21386316872427982
aLLM4TS,aLLM4TS,AE,hiaac,Full Finetune,HAR,RW-Waist,0.01,accuracy,0.2919238683127572
aLLM4TS,aLLM4TS,AE,aLLM4TS,Partial Freeze,HAR,RW-Waist,0.01,accuracy,0.22852366255144038
aLLM4TS,aLLM4TS,AE,hiaac,Partial Freeze,HAR,RW-Waist,0.01,accuracy,0.31044238683127573
aLLM4TS,aLLM4TS,AE,aLLM4TS,Freeze,HAR,RW-Waist,0.01,accuracy,0.27970679012345684
aLLM4TS,aLLM4TS,AE,hiaac,Freeze,HAR,RW-Waist,0.01,accuracy,0.29102366255144035
aLLM4TS,aLLM4TS,AE,aLLM4TS,Full Finetune,HAR,RW-Waist,0.5,accuracy,0.8005401234567899
aLLM4TS,aLLM4TS,AE,hiaac,Full Finetune,HAR,RW-Waist,0.5,accuracy,0.7872942386831276
aLLM4TS,aLLM4TS,AE,aLLM4TS,Partial Freeze,HAR,RW-Waist,0.5,accuracy,0.7852366255144032
aLLM4TS,aLLM4TS,AE,hiaac,Partial Freeze,HAR,RW-Waist,0.5,accuracy,0.7844650205761315
aLLM4TS,aLLM4TS,AE,aLLM4TS,Freeze,HAR,RW-Waist,0.5,accuracy,0.7665895061728395
aLLM4TS,aLLM4TS,AE,hiaac,Freeze,HAR,RW-Waist,0.5,accuracy,0.7680041152263377
aLLM4TS,aLLM4TS,A,aLLM4TS,Full Finetune,HAR,RW-Waist,1.0,accuracy,0.809542181069959
aLLM4TS,aLLM4TS,A,hiaac,Full Finetune,HAR,RW-Waist,1.0,accuracy,0.7964248971193416
aLLM4TS,aLLM4TS,A,aLLM4TS,Partial Freeze,HAR,RW-Waist,1.0,accuracy,0.794624485596708
aLLM4TS,aLLM4TS,A,hiaac,Partial Freeze,HAR,RW-Waist,1.0,accuracy,0.8097993827160495
aLLM4TS,aLLM4TS,A,aLLM4TS,Freeze,HAR,RW-Waist,1.0,accuracy,0.7809927983539096
aLLM4TS,aLLM4TS,A,hiaac,Freeze,HAR,RW-Waist,1.0,accuracy,0.7896090534979424
aLLM4TS,aLLM4TS,A,aLLM4TS,Full Finetune,HAR,RW-Waist,0.1,accuracy,0.6489197530864197
aLLM4TS,aLLM4TS,A,hiaac,Full Finetune,HAR,RW-Waist,0.1,accuracy,0.5372942386831275
aLLM4TS,aLLM4TS,A,aLLM4TS,Partial Freeze,HAR,RW-Waist,0.1,accuracy,0.6795267489711935
aLLM4TS,aLLM4TS,A,hiaac,Partial Freeze,HAR,RW-Waist,0.1,accuracy,0.6316872427983539
aLLM4TS,aLLM4TS,A,aLLM4TS,Freeze,HAR,RW-Waist,0.1,accuracy,0.6516203703703703
aLLM4TS,aLLM4TS,A,hiaac,Freeze,HAR,RW-Waist,0.1,accuracy,0.667695473251029
aLLM4TS,aLLM4TS,A,aLLM4TS,Full Finetune,HAR,RW-Waist,0.01,accuracy,0.31468621399176955
aLLM4TS,aLLM4TS,A,hiaac,Full Finetune,HAR,RW-Waist,0.01,accuracy,0.2863940329218107
aLLM4TS,aLLM4TS,A,aLLM4TS,Partial Freeze,HAR,RW-Waist,0.01,accuracy,0.29140946502057613
aLLM4TS,aLLM4TS,A,hiaac,Partial Freeze,HAR,RW-Waist,0.01,accuracy,0.2739197530864197
aLLM4TS,aLLM4TS,A,aLLM4TS,Freeze,HAR,RW-Waist,0.01,accuracy,0.3132716049382716
aLLM4TS,aLLM4TS,A,hiaac,Freeze,HAR,RW-Waist,0.01,accuracy,0.3449074074074075
aLLM4TS,aLLM4TS,A,aLLM4TS,Full Finetune,HAR,RW-Waist,0.5,accuracy,0.7930812757201647
aLLM4TS,aLLM4TS,A,hiaac,Full Finetune,HAR,RW-Waist,0.5,accuracy,0.7979681069958847
aLLM4TS,aLLM4TS,A,aLLM4TS,Partial Freeze,HAR,RW-Waist,0.5,accuracy,0.7914094650205761
aLLM4TS,aLLM4TS,A,hiaac,Partial Freeze,HAR,RW-Waist,0.5,accuracy,0.7929526748971193
aLLM4TS,aLLM4TS,A,aLLM4TS,Freeze,HAR,RW-Waist,0.5,accuracy,0.7536008230452674
aLLM4TS,aLLM4TS,A,hiaac,Freeze,HAR,RW-Waist,0.5,accuracy,0.7695473251028807
aLLM4TS,aLLM4TS,AD,aLLM4TS,Full Finetune,HAR,UCI,1.0,accuracy,0.8990338164251209
aLLM4TS,aLLM4TS,AD,hiaac,Full Finetune,HAR,UCI,1.0,accuracy,0.9033816425120772
aLLM4TS,aLLM4TS,AD,aLLM4TS,Partial Freeze,HAR,UCI,1.0,accuracy,0.8893719806763286
aLLM4TS,aLLM4TS,AD,hiaac,Partial Freeze,HAR,UCI,1.0,accuracy,0.8859903381642512
aLLM4TS,aLLM4TS,AD,aLLM4TS,Freeze,HAR,UCI,1.0,accuracy,0.8642512077294685
aLLM4TS,aLLM4TS,AD,hiaac,Freeze,HAR,UCI,1.0,accuracy,0.8565217391304348
aLLM4TS,aLLM4TS,AD,aLLM4TS,Full Finetune,HAR,UCI,0.1,accuracy,0.5763285024154589
aLLM4TS,aLLM4TS,AD,hiaac,Full Finetune,HAR,UCI,0.1,accuracy,0.5256038647342995
aLLM4TS,aLLM4TS,AD,aLLM4TS,Partial Freeze,HAR,UCI,0.1,accuracy,0.49323671497584537
aLLM4TS,aLLM4TS,AD,hiaac,Partial Freeze,HAR,UCI,0.1,accuracy,0.4816425120772947
aLLM4TS,aLLM4TS,AD,aLLM4TS,Freeze,HAR,UCI,0.1,accuracy,0.5521739130434783
aLLM4TS,aLLM4TS,AD,hiaac,Freeze,HAR,UCI,0.1,accuracy,0.5821256038647342
aLLM4TS,aLLM4TS,AD,aLLM4TS,Full Finetune,HAR,UCI,0.01,accuracy,0.28937198067632847
aLLM4TS,aLLM4TS,AD,hiaac,Full Finetune,HAR,UCI,0.01,accuracy,0.2323671497584541
aLLM4TS,aLLM4TS,AD,aLLM4TS,Partial Freeze,HAR,UCI,0.01,accuracy,0.28937198067632847
aLLM4TS,aLLM4TS,AD,hiaac,Partial Freeze,HAR,UCI,0.01,accuracy,0.2323671497584541
aLLM4TS,aLLM4TS,AD,aLLM4TS,Freeze,HAR,UCI,0.01,accuracy,0.2975845410628019
aLLM4TS,aLLM4TS,AD,hiaac,Freeze,HAR,UCI,0.01,accuracy,0.3009661835748792
aLLM4TS,aLLM4TS,AD,aLLM4TS,Full Finetune,HAR,UCI,0.5,accuracy,0.7961352657004831
aLLM4TS,aLLM4TS,AD,hiaac,Full Finetune,HAR,UCI,0.5,accuracy,0.802415458937198
aLLM4TS,aLLM4TS,AD,aLLM4TS,Partial Freeze,HAR,UCI,0.5,accuracy,0.8458937198067633
aLLM4TS,aLLM4TS,AD,hiaac,Partial Freeze,HAR,UCI,0.5,accuracy,0.7657004830917874
aLLM4TS,aLLM4TS,AD,aLLM4TS,Freeze,HAR,UCI,0.5,accuracy,0.7922705314009661
aLLM4TS,aLLM4TS,AD,hiaac,Freeze,HAR,UCI,0.5,accuracy,0.7845410628019323
aLLM4TS,aLLM4TS,AE,aLLM4TS,Full Finetune,HAR,UCI,1.0,accuracy,0.8850241545893721
aLLM4TS,aLLM4TS,AE,hiaac,Full Finetune,HAR,UCI,1.0,accuracy,0.8893719806763286
aLLM4TS,aLLM4TS,AE,aLLM4TS,Partial Freeze,HAR,UCI,1.0,accuracy,0.8908212560386474
aLLM4TS,aLLM4TS,AE,hiaac,Partial Freeze,HAR,UCI,1.0,accuracy,0.8888888888888888
aLLM4TS,aLLM4TS,AE,aLLM4TS,Freeze,HAR,UCI,1.0,accuracy,0.8695652173913043
aLLM4TS,aLLM4TS,AE,hiaac,Freeze,HAR,UCI,1.0,accuracy,0.8439613526570048
aLLM4TS,aLLM4TS,AE,aLLM4TS,Full Finetune,HAR,UCI,0.1,accuracy,0.3647342995169083
aLLM4TS,aLLM4TS,AE,hiaac,Full Finetune,HAR,UCI,0.1,accuracy,0.5
aLLM4TS,aLLM4TS,AE,aLLM4TS,Partial Freeze,HAR,UCI,0.1,accuracy,0.5396135265700481
aLLM4TS,aLLM4TS,AE,hiaac,Partial Freeze,HAR,UCI,0.1,accuracy,0.4222222222222222
aLLM4TS,aLLM4TS,AE,aLLM4TS,Freeze,HAR,UCI,0.1,accuracy,0.4975845410628019
aLLM4TS,aLLM4TS,AE,hiaac,Freeze,HAR,UCI,0.1,accuracy,0.52512077294686
aLLM4TS,aLLM4TS,AE,aLLM4TS,Full Finetune,HAR,UCI,0.01,accuracy,0.24396135265700483
aLLM4TS,aLLM4TS,AE,hiaac,Full Finetune,HAR,UCI,0.01,accuracy,0.2101449275362319
aLLM4TS,aLLM4TS,AE,aLLM4TS,Partial Freeze,HAR,UCI,0.01,accuracy,0.24396135265700483
aLLM4TS,aLLM4TS,AE,hiaac,Partial Freeze,HAR,UCI,0.01,accuracy,0.2101449275362319
aLLM4TS,aLLM4TS,AE,aLLM4TS,Freeze,HAR,UCI,0.01,accuracy,0.2603864734299517
aLLM4TS,aLLM4TS,AE,hiaac,Freeze,HAR,UCI,0.01,accuracy,0.2560386473429952
aLLM4TS,aLLM4TS,AE,aLLM4TS,Full Finetune,HAR,UCI,0.5,accuracy,0.8338164251207729
aLLM4TS,aLLM4TS,AE,hiaac,Full Finetune,HAR,UCI,0.5,accuracy,0.7913043478260868
aLLM4TS,aLLM4TS,AE,aLLM4TS,Partial Freeze,HAR,UCI,0.5,accuracy,0.8096618357487922
aLLM4TS,aLLM4TS,AE,hiaac,Partial Freeze,HAR,UCI,0.5,accuracy,0.7386473429951691
aLLM4TS,aLLM4TS,AE,aLLM4TS,Freeze,HAR,UCI,0.5,accuracy,0.7845410628019323
aLLM4TS,aLLM4TS,AE,hiaac,Freeze,HAR,UCI,0.5,accuracy,0.7579710144927536
aLLM4TS,aLLM4TS,A,aLLM4TS,Full Finetune,HAR,UCI,1.0,accuracy,0.8980676328502416
aLLM4TS,aLLM4TS,A,hiaac,Full Finetune,HAR,UCI,1.0,accuracy,0.9033816425120772
aLLM4TS,aLLM4TS,A,aLLM4TS,Partial Freeze,HAR,UCI,1.0,accuracy,0.9057971014492752
aLLM4TS,aLLM4TS,A,hiaac,Partial Freeze,HAR,UCI,1.0,accuracy,0.8893719806763286
aLLM4TS,aLLM4TS,A,aLLM4TS,Freeze,HAR,UCI,1.0,accuracy,0.859903381642512
aLLM4TS,aLLM4TS,A,hiaac,Freeze,HAR,UCI,1.0,accuracy,0.8473429951690821
aLLM4TS,aLLM4TS,A,aLLM4TS,Full Finetune,HAR,UCI,0.1,accuracy,0.5202898550724638
aLLM4TS,aLLM4TS,A,hiaac,Full Finetune,HAR,UCI,0.1,accuracy,0.5048309178743962
aLLM4TS,aLLM4TS,A,aLLM4TS,Partial Freeze,HAR,UCI,0.1,accuracy,0.5318840579710145
aLLM4TS,aLLM4TS,A,hiaac,Partial Freeze,HAR,UCI,0.1,accuracy,0.49468599033816424
aLLM4TS,aLLM4TS,A,aLLM4TS,Freeze,HAR,UCI,0.1,accuracy,0.5536231884057969
aLLM4TS,aLLM4TS,A,hiaac,Freeze,HAR,UCI,0.1,accuracy,0.5768115942028985
aLLM4TS,aLLM4TS,A,aLLM4TS,Full Finetune,HAR,UCI,0.01,accuracy,0.3111111111111111
aLLM4TS,aLLM4TS,A,hiaac,Full Finetune,HAR,UCI,0.01,accuracy,0.3062801932367149
aLLM4TS,aLLM4TS,A,aLLM4TS,Partial Freeze,HAR,UCI,0.01,accuracy,0.3111111111111111
aLLM4TS,aLLM4TS,A,hiaac,Partial Freeze,HAR,UCI,0.01,accuracy,0.3062801932367149
aLLM4TS,aLLM4TS,A,aLLM4TS,Freeze,HAR,UCI,0.01,accuracy,0.29613526570048304
aLLM4TS,aLLM4TS,A,hiaac,Freeze,HAR,UCI,0.01,accuracy,0.28695652173913044
aLLM4TS,aLLM4TS,A,aLLM4TS,Full Finetune,HAR,UCI,0.5,accuracy,0.8304347826086955
aLLM4TS,aLLM4TS,A,hiaac,Full Finetune,HAR,UCI,0.5,accuracy,0.7845410628019325
aLLM4TS,aLLM4TS,A,aLLM4TS,Partial Freeze,HAR,UCI,0.5,accuracy,0.8342995169082124
aLLM4TS,aLLM4TS,A,hiaac,Partial Freeze,HAR,UCI,0.5,accuracy,0.8183574879227052
aLLM4TS,aLLM4TS,A,aLLM4TS,Freeze,HAR,UCI,0.5,accuracy,0.8053140096618356
aLLM4TS,aLLM4TS,A,hiaac,Freeze,HAR,UCI,0.5,accuracy,0.7985507246376813
aLLM4TS,aLLM4TS,AD,aLLM4TS,Full Finetune,HAR,WISDM,1.0,accuracy,0.8521505376344086
aLLM4TS,aLLM4TS,AD,hiaac,Full Finetune,HAR,WISDM,1.0,accuracy,0.8448540706605222
aLLM4TS,aLLM4TS,AD,aLLM4TS,Partial Freeze,HAR,WISDM,1.0,accuracy,0.8420378904249871
aLLM4TS,aLLM4TS,AD,hiaac,Partial Freeze,HAR,WISDM,1.0,accuracy,0.833973374295955
aLLM4TS,aLLM4TS,AD,aLLM4TS,Freeze,HAR,WISDM,1.0,accuracy,0.8108038914490527
aLLM4TS,aLLM4TS,AD,hiaac,Freeze,HAR,WISDM,1.0,accuracy,0.8169482846902202
aLLM4TS,aLLM4TS,AD,aLLM4TS,Full Finetune,HAR,WISDM,0.1,accuracy,0.6012544802867383
aLLM4TS,aLLM4TS,AD,hiaac,Full Finetune,HAR,WISDM,0.1,accuracy,0.5454429083461342
aLLM4TS,aLLM4TS,AD,aLLM4TS,Partial Freeze,HAR,WISDM,0.1,accuracy,0.5542754736303124
aLLM4TS,aLLM4TS,AD,hiaac,Partial Freeze,HAR,WISDM,0.1,accuracy,0.5561955965181772
aLLM4TS,aLLM4TS,AD,aLLM4TS,Freeze,HAR,WISDM,0.1,accuracy,0.5965181771633384
aLLM4TS,aLLM4TS,AD,hiaac,Freeze,HAR,WISDM,0.1,accuracy,0.5919098822324629
aLLM4TS,aLLM4TS,AD,aLLM4TS,Full Finetune,HAR,WISDM,0.01,accuracy,0.2909626216077829
aLLM4TS,aLLM4TS,AD,hiaac,Full Finetune,HAR,WISDM,0.01,accuracy,0.28661034306195593
aLLM4TS,aLLM4TS,AD,aLLM4TS,Partial Freeze,HAR,WISDM,0.01,accuracy,0.2776497695852535
aLLM4TS,aLLM4TS,AD,hiaac,Partial Freeze,HAR,WISDM,0.01,accuracy,0.2731694828469022
aLLM4TS,aLLM4TS,AD,aLLM4TS,Freeze,HAR,WISDM,0.01,accuracy,0.31413210445468515
aLLM4TS,aLLM4TS,AD,hiaac,Freeze,HAR,WISDM,0.01,accuracy,0.2958269329237071
aLLM4TS,aLLM4TS,AD,aLLM4TS,Full Finetune,HAR,WISDM,0.5,accuracy,0.8250128008192524
aLLM4TS,aLLM4TS,AD,hiaac,Full Finetune,HAR,WISDM,0.5,accuracy,0.8206605222734256
aLLM4TS,aLLM4TS,AD,aLLM4TS,Partial Freeze,HAR,WISDM,0.5,accuracy,0.8206605222734256
aLLM4TS,aLLM4TS,AD,hiaac,Partial Freeze,HAR,WISDM,0.5,accuracy,0.8033794162826421
aLLM4TS,aLLM4TS,AD,aLLM4TS,Freeze,HAR,WISDM,0.5,accuracy,0.7974910394265234
aLLM4TS,aLLM4TS,AD,hiaac,Freeze,HAR,WISDM,0.5,accuracy,0.78020993343574
aLLM4TS,aLLM4TS,AE,aLLM4TS,Full Finetune,HAR,WISDM,1.0,accuracy,0.8454941116231438
aLLM4TS,aLLM4TS,AE,hiaac,Full Finetune,HAR,WISDM,1.0,accuracy,0.8403737839221709
aLLM4TS,aLLM4TS,AE,aLLM4TS,Partial Freeze,HAR,WISDM,1.0,accuracy,0.8454941116231438
aLLM4TS,aLLM4TS,AE,hiaac,Partial Freeze,HAR,WISDM,1.0,accuracy,0.8469022017409116
aLLM4TS,aLLM4TS,AE,aLLM4TS,Freeze,HAR,WISDM,1.0,accuracy,0.815284178187404
aLLM4TS,aLLM4TS,AE,hiaac,Freeze,HAR,WISDM,1.0,accuracy,0.8341013824884791
aLLM4TS,aLLM4TS,AE,aLLM4TS,Full Finetune,HAR,WISDM,0.1,accuracy,0.5263696876600104
aLLM4TS,aLLM4TS,AE,hiaac,Full Finetune,HAR,WISDM,0.1,accuracy,0.6068868407578085
aLLM4TS,aLLM4TS,AE,aLLM4TS,Partial Freeze,HAR,WISDM,0.1,accuracy,0.5976702508960573
aLLM4TS,aLLM4TS,AE,hiaac,Partial Freeze,HAR,WISDM,0.1,accuracy,0.5576036866359447
aLLM4TS,aLLM4TS,AE,aLLM4TS,Freeze,HAR,WISDM,0.1,accuracy,0.572452636968766
aLLM4TS,aLLM4TS,AE,hiaac,Freeze,HAR,WISDM,0.1,accuracy,0.5798771121351766
aLLM4TS,aLLM4TS,AE,aLLM4TS,Full Finetune,HAR,WISDM,0.01,accuracy,0.2629288274449565
aLLM4TS,aLLM4TS,AE,hiaac,Full Finetune,HAR,WISDM,0.01,accuracy,0.27547363031234
aLLM4TS,aLLM4TS,AE,aLLM4TS,Partial Freeze,HAR,WISDM,0.01,accuracy,0.2789298515104967
aLLM4TS,aLLM4TS,AE,hiaac,Partial Freeze,HAR,WISDM,0.01,accuracy,0.286226318484383
aLLM4TS,aLLM4TS,AE,aLLM4TS,Freeze,HAR,WISDM,0.01,accuracy,0.2772657450076805
aLLM4TS,aLLM4TS,AE,hiaac,Freeze,HAR,WISDM,0.01,accuracy,0.30350742447516643
aLLM4TS,aLLM4TS,AE,aLLM4TS,Full Finetune,HAR,WISDM,0.5,accuracy,0.8120839733742958
aLLM4TS,aLLM4TS,AE,hiaac,Full Finetune,HAR,WISDM,0.5,accuracy,0.7988991295442908
aLLM4TS,aLLM4TS,AE,aLLM4TS,Partial Freeze,HAR,WISDM,0.5,accuracy,0.811699948796723
aLLM4TS,aLLM4TS,AE,hiaac,Partial Freeze,HAR,WISDM,0.5,accuracy,0.804531490015361
aLLM4TS,aLLM4TS,AE,aLLM4TS,Freeze,HAR,WISDM,0.5,accuracy,0.767537122375832
aLLM4TS,aLLM4TS,AE,hiaac,Freeze,HAR,WISDM,0.5,accuracy,0.7776497695852533
aLLM4TS,aLLM4TS,A,aLLM4TS,Full Finetune,HAR,WISDM,1.0,accuracy,0.8397337429595494
aLLM4TS,aLLM4TS,A,hiaac,Full Finetune,HAR,WISDM,1.0,accuracy,0.8294930875576036
aLLM4TS,aLLM4TS,A,aLLM4TS,Partial Freeze,HAR,WISDM,1.0,accuracy,0.8461341525857655
aLLM4TS,aLLM4TS,A,hiaac,Partial Freeze,HAR,WISDM,1.0,accuracy,0.8325652841781874
aLLM4TS,aLLM4TS,A,aLLM4TS,Freeze,HAR,WISDM,1.0,accuracy,0.822836661546339
aLLM4TS,aLLM4TS,A,hiaac,Freeze,HAR,WISDM,1.0,accuracy,0.8269329237071174
aLLM4TS,aLLM4TS,A,aLLM4TS,Full Finetune,HAR,WISDM,0.1,accuracy,0.6121351766513057
aLLM4TS,aLLM4TS,A,hiaac,Full Finetune,HAR,WISDM,0.1,accuracy,0.49308755760368667
aLLM4TS,aLLM4TS,A,aLLM4TS,Partial Freeze,HAR,WISDM,0.1,accuracy,0.6446492575524833
aLLM4TS,aLLM4TS,A,hiaac,Partial Freeze,HAR,WISDM,0.1,accuracy,0.537762416794675
aLLM4TS,aLLM4TS,A,aLLM4TS,Freeze,HAR,WISDM,0.1,accuracy,0.5951100870455709
aLLM4TS,aLLM4TS,A,hiaac,Freeze,HAR,WISDM,0.1,accuracy,0.6135432667690732
aLLM4TS,aLLM4TS,A,aLLM4TS,Full Finetune,HAR,WISDM,0.01,accuracy,0.2987711213517665
aLLM4TS,aLLM4TS,A,hiaac,Full Finetune,HAR,WISDM,0.01,accuracy,0.2784178187403994
aLLM4TS,aLLM4TS,A,aLLM4TS,Partial Freeze,HAR,WISDM,0.01,accuracy,0.29928315412186385
aLLM4TS,aLLM4TS,A,hiaac,Partial Freeze,HAR,WISDM,0.01,accuracy,0.26996927803379417
aLLM4TS,aLLM4TS,A,aLLM4TS,Freeze,HAR,WISDM,0.01,accuracy,0.3108038914490528
aLLM4TS,aLLM4TS,A,hiaac,Freeze,HAR,WISDM,0.01,accuracy,0.307347670250896
aLLM4TS,aLLM4TS,A,aLLM4TS,Full Finetune,HAR,WISDM,0.5,accuracy,0.8175883256528418
aLLM4TS,aLLM4TS,A,hiaac,Full Finetune,HAR,WISDM,0.5,accuracy,0.8147721454173067
aLLM4TS,aLLM4TS,A,aLLM4TS,Partial Freeze,HAR,WISDM,0.5,accuracy,0.8172043010752688
aLLM4TS,aLLM4TS,A,hiaac,Partial Freeze,HAR,WISDM,0.5,accuracy,0.8173323092677933
aLLM4TS,aLLM4TS,A,aLLM4TS,Freeze,HAR,WISDM,0.5,accuracy,0.7804659498207885
aLLM4TS,aLLM4TS,A,hiaac,Freeze,HAR,WISDM,0.5,accuracy,0.7735535074244752
