file,dataset,config,val_acc,val_acc_std,test_acc,test_acc_std,runs,error,has_val
logs/classification_ts/EthanolConcentration_patch-16_stride-16.log,EthanolConcentration,patch-16_stride-16,0.0,0.0,27.883396704689485,0.35848252531637437,3,False,False
logs/classification_ts/EthanolConcentration_patch-16_stride-2.log,EthanolConcentration,patch-16_stride-2,0.0,0.0,0.0,0.0,0,True,False
logs/classification_ts/EthanolConcentration_patch-16_stride-4.log,EthanolConcentration,patch-16_stride-4,0.0,0.0,29.02408111533587,1.254688838607308,3,False,False
logs/classification_ts/EthanolConcentration_patch-16_stride-8.log,EthanolConcentration,patch-16_stride-8,0.0,0.0,27.756653992395435,0.8213866537906036,3,False,False
logs/classification_ts/EthanolConcentration_patch-8_stride-16.log,EthanolConcentration,patch-8_stride-16,0.0,0.0,27.249683143219265,0.9979731145769097,3,False,False
logs/classification_ts/EthanolConcentration_patch-8_stride-2.log,EthanolConcentration,patch-8_stride-2,0.0,0.0,0.0,0.0,0,True,False
logs/classification_ts/EthanolConcentration_patch-8_stride-4.log,EthanolConcentration,patch-8_stride-4,0.0,0.0,27.50316856780735,0.997973114576908,3,False,False
logs/classification_ts/EthanolConcentration_patch-8_stride-8.log,EthanolConcentration,patch-8_stride-8,0.0,0.0,27.50316856780735,1.5625891008793344,3,False,False
logs/classification_ts/FaceDetection_patch-{16}_stride-16_lr-0.0005.log,FaceDetection,patch-{16}_stride-16_lr-0.0005,0.0,0.0,66.98827090427545,0.4404255288241672,3,False,False
logs/classification_ts/FaceDetection_patch-{16}_stride-16_lr-0.002.log,FaceDetection,patch-{16}_stride-16_lr-0.002,0.0,0.0,65.95724555429436,0.3111404503102248,3,False,False
logs/classification_ts/FaceDetection_patch-{16}_stride-2_lr-0.0005.log,FaceDetection,patch-{16}_stride-2_lr-0.0005,0.0,0.0,66.79909194097617,0.5448551200875751,3,False,False
logs/classification_ts/FaceDetection_patch-{16}_stride-2_lr-0.002.log,FaceDetection,patch-{16}_stride-2_lr-0.002,0.0,0.0,66.08967082860386,0.5175695807909354,3,False,False
logs/classification_ts/FaceDetection_patch-{16}_stride-4_lr-0.0005.log,FaceDetection,patch-{16}_stride-4_lr-0.0005,0.0,0.0,65.75860764283011,0.417909989299557,3,False,False
logs/classification_ts/FaceDetection_patch-{16}_stride-4_lr-0.002.log,FaceDetection,patch-{16}_stride-4_lr-0.002,0.0,0.0,65.22890654559214,0.41208893134301827,3,False,False
logs/classification_ts/FaceDetection_patch-{16}_stride-8_lr-0.0005.log,FaceDetection,patch-{16}_stride-8_lr-0.0005,0.0,0.0,66.28830874006812,0.6751065410539367,3,False,False
logs/classification_ts/FaceDetection_patch-{16}_stride-8_lr-0.002.log,FaceDetection,patch-{16}_stride-8_lr-0.002,0.0,0.0,65.13431706394249,0.2878381395138622,3,False,False
logs/classification_ts/FaceDetection_patch-{8}_stride-16_lr-0.0005.log,FaceDetection,patch-{8}_stride-16_lr-0.0005,0.0,0.0,61.26560726447219,0.7785122339596018,3,False,False
logs/classification_ts/FaceDetection_patch-{8}_stride-16_lr-0.002.log,FaceDetection,patch-{8}_stride-16_lr-0.002,0.0,0.0,60.46159667045025,0.09363880946473617,3,False,False
logs/classification_ts/FaceDetection_patch-{8}_stride-2_lr-0.0005.log,FaceDetection,patch-{8}_stride-2_lr-0.0005,0.0,0.0,66.70450245932652,0.48949485557834616,3,False,False
logs/classification_ts/FaceDetection_patch-{8}_stride-2_lr-0.002.log,FaceDetection,patch-{8}_stride-2_lr-0.002,0.0,0.0,65.54105183503594,0.7664666886069956,3,False,False
logs/classification_ts/FaceDetection_patch-{8}_stride-4_lr-0.0005.log,FaceDetection,patch-{8}_stride-4_lr-0.0005,0.0,0.0,66.33560348089293,0.5335718795372846,3,False,False
logs/classification_ts/FaceDetection_patch-{8}_stride-4_lr-0.002.log,FaceDetection,patch-{8}_stride-4_lr-0.002,0.0,0.0,64.85054861899357,0.25416248283285026,3,False,False
logs/classification_ts/FaceDetection_patch-{8}_stride-8_lr-0.0005.log,FaceDetection,patch-{8}_stride-8_lr-0.0005,0.0,0.0,66.52478244419221,0.2783567720310686,3,False,False
logs/classification_ts/FaceDetection_patch-{8}_stride-8_lr-0.002.log,FaceDetection,patch-{8}_stride-8_lr-0.002,0.0,0.0,64.79379493000378,0.9503301235419195,3,False,False
logs/classification_ts/Handwriting_patch-16_stride-16_lr-0.0005.log,Handwriting,patch-16_stride-16_lr-0.0005,0.0,0.0,24.705882352941178,0.8374179021201023,3,False,False
logs/classification_ts/Handwriting_patch-16_stride-16_lr-0.002.log,Handwriting,patch-16_stride-16_lr-0.002,0.0,0.0,26.627450980392158,2.0654422089825397,3,False,False
logs/classification_ts/Handwriting_patch-16_stride-2_lr-0.0005.log,Handwriting,patch-16_stride-2_lr-0.0005,0.0,0.0,29.96078431372549,1.3898074624838699,3,False,False
logs/classification_ts/Handwriting_patch-16_stride-2_lr-0.002.log,Handwriting,patch-16_stride-2_lr-0.002,0.0,0.0,26.392156862745097,0.7209716200333411,3,False,False
logs/classification_ts/Handwriting_patch-16_stride-4_lr-0.0005.log,Handwriting,patch-16_stride-4_lr-0.0005,0.0,0.0,31.13725490196078,1.5793749463217457,3,False,False
logs/classification_ts/Handwriting_patch-16_stride-4_lr-0.002.log,Handwriting,patch-16_stride-4_lr-0.002,0.0,0.0,27.176470588235297,1.1997692973159482,3,False,False
logs/classification_ts/Handwriting_patch-16_stride-8_lr-0.0005.log,Handwriting,patch-16_stride-8_lr-0.0005,0.0,0.0,30.15686274509804,1.1855856045357611,3,False,False
logs/classification_ts/Handwriting_patch-16_stride-8_lr-0.002.log,Handwriting,patch-16_stride-8_lr-0.002,0.0,0.0,28.901960784313722,0.7209716200333424,3,False,False
logs/classification_ts/Handwriting_patch-8_stride-16_lr-0.0005.log,Handwriting,patch-8_stride-16_lr-0.0005,0.0,0.0,22.039215686274506,1.2238812968099784,3,False,False
logs/classification_ts/Handwriting_patch-8_stride-16_lr-0.002.log,Handwriting,patch-8_stride-16_lr-0.002,0.0,0.0,24.313725490196077,1.362991937018256,3,False,False
logs/classification_ts/Handwriting_patch-8_stride-2_lr-0.0005.log,Handwriting,patch-8_stride-2_lr-0.0005,0.0,0.0,28.62745098039216,1.3864838846795053,3,False,False
logs/classification_ts/Handwriting_patch-8_stride-2_lr-0.002.log,Handwriting,patch-8_stride-2_lr-0.002,0.0,0.0,25.49019607843137,1.3077123137673,3,False,False
logs/classification_ts/Handwriting_patch-8_stride-4_lr-0.0005.log,Handwriting,patch-8_stride-4_lr-0.0005,0.0,0.0,32.78431372549019,1.2087086280331307,3,False,False
logs/classification_ts/Handwriting_patch-8_stride-4_lr-0.002.log,Handwriting,patch-8_stride-4_lr-0.002,0.0,0.0,27.215686274509803,0.2417417256066255,3,False,False
logs/classification_ts/Handwriting_patch-8_stride-8_lr-0.0005.log,Handwriting,patch-8_stride-8_lr-0.0005,0.0,0.0,28.27450980392157,1.5409319768147847,3,False,False
logs/classification_ts/Handwriting_patch-8_stride-8_lr-0.002.log,Handwriting,patch-8_stride-8_lr-0.002,0.0,0.0,26.156862745098035,2.257543210137138,3,False,False
logs/classification_ts/Heartbeat_patch-16_stride-16_lr-0.0001.log,Heartbeat,patch-16_stride-16_lr-0.0001,0.0,0.0,75.60975609756099,1.0537789753508724,3,False,False
logs/classification_ts/Heartbeat_patch-16_stride-16_lr-0.0005.log,Heartbeat,patch-16_stride-16_lr-0.0005,0.0,0.0,76.26016260162602,0.6083995750851943,3,False,False
logs/classification_ts/Heartbeat_patch-16_stride-16_lr-0.002.log,Heartbeat,patch-16_stride-16_lr-0.002,0.0,0.0,75.60975609756099,1.0537789753508724,3,False,False
logs/classification_ts/Heartbeat_patch-16_stride-2_lr-0.0001.log,Heartbeat,patch-16_stride-2_lr-0.0001,0.0,0.0,75.44715447154472,0.6083995750851943,3,False,False
logs/classification_ts/Heartbeat_patch-16_stride-2_lr-0.0005.log,Heartbeat,patch-16_stride-2_lr-0.0005,0.0,0.0,73.65853658536587,1.4360586774516837,3,False,False
logs/classification_ts/Heartbeat_patch-16_stride-2_lr-0.002.log,Heartbeat,patch-16_stride-2_lr-0.002,0.0,0.0,72.84552845528455,2.0438707463376495,3,False,False
logs/classification_ts/Heartbeat_patch-16_stride-4_lr-0.0001.log,Heartbeat,patch-16_stride-4_lr-0.0001,0.0,0.0,76.42276422764228,0.45990684955222644,3,False,False
logs/classification_ts/Heartbeat_patch-16_stride-4_lr-0.0005.log,Heartbeat,patch-16_stride-4_lr-0.0005,0.0,0.0,74.63414634146342,1.0537789753508724,3,False,False
logs/classification_ts/Heartbeat_patch-16_stride-4_lr-0.002.log,Heartbeat,patch-16_stride-4_lr-0.002,0.0,0.0,74.79674796747969,0.22995342477611322,3,False,False
logs/classification_ts/Heartbeat_patch-16_stride-8_lr-0.0001.log,Heartbeat,patch-16_stride-8_lr-0.0001,0.0,0.0,76.42276422764228,0.22995342477611322,3,False,False
logs/classification_ts/Heartbeat_patch-16_stride-8_lr-0.0005.log,Heartbeat,patch-16_stride-8_lr-0.0005,0.0,0.0,75.12195121951221,1.3797205486566795,3,False,False
logs/classification_ts/Heartbeat_patch-16_stride-8_lr-0.002.log,Heartbeat,patch-16_stride-8_lr-0.002,0.0,0.0,73.4959349593496,0.45990684955222644,3,False,False
logs/classification_ts/Heartbeat_patch-8_stride-16_lr-0.0001.log,Heartbeat,patch-8_stride-16_lr-0.0001,0.0,0.0,76.42276422764228,0.8291088639988277,3,False,False
logs/classification_ts/Heartbeat_patch-8_stride-16_lr-0.0005.log,Heartbeat,patch-8_stride-16_lr-0.0005,0.0,0.0,75.28455284552847,1.0023437403201596,3,False,False
logs/classification_ts/Heartbeat_patch-8_stride-16_lr-0.002.log,Heartbeat,patch-8_stride-16_lr-0.002,0.0,0.0,73.4959349593496,0.22995342477611322,3,False,False
logs/classification_ts/Heartbeat_patch-8_stride-2_lr-0.0001.log,Heartbeat,patch-8_stride-2_lr-0.0001,0.0,0.0,75.44715447154472,0.45990684955222644,3,False,False
logs/classification_ts/Heartbeat_patch-8_stride-2_lr-0.0005.log,Heartbeat,patch-8_stride-2_lr-0.0005,0.0,0.0,73.33333333333334,0.8291088639988277,3,False,False
logs/classification_ts/Heartbeat_patch-8_stride-2_lr-0.002.log,Heartbeat,patch-8_stride-2_lr-0.002,0.0,0.0,73.00813008130082,0.8291088639988277,3,False,False
logs/classification_ts/Heartbeat_patch-8_stride-4_lr-0.0001.log,Heartbeat,patch-8_stride-4_lr-0.0001,0.0,0.0,76.42276422764228,1.3987520759418919,3,False,False
logs/classification_ts/Heartbeat_patch-8_stride-4_lr-0.0005.log,Heartbeat,patch-8_stride-4_lr-0.0005,0.0,0.0,73.98373983739837,2.5294876725372455,3,False,False
logs/classification_ts/Heartbeat_patch-8_stride-4_lr-0.002.log,Heartbeat,patch-8_stride-4_lr-0.002,0.0,0.0,73.00813008130082,1.149767123880566,3,False,False
logs/classification_ts/Heartbeat_patch-8_stride-8_lr-0.0001.log,Heartbeat,patch-8_stride-8_lr-0.0001,0.0,0.0,76.26016260162602,0.45990684955222644,3,False,False
logs/classification_ts/Heartbeat_patch-8_stride-8_lr-0.0005.log,Heartbeat,patch-8_stride-8_lr-0.0005,0.0,0.0,76.26016260162602,1.149767123880566,3,False,False
logs/classification_ts/Heartbeat_patch-8_stride-8_lr-0.002.log,Heartbeat,patch-8_stride-8_lr-0.002,0.0,0.0,74.47154471544715,0.6083995750851943,3,False,False
logs/classification_ts/JapaneseVowels_patch-16_stride-16_lr-0.0001.log,JapaneseVowels,patch-16_stride-16_lr-0.0001,0.0,0.0,60.09009009009009,2.002352321702059,3,False,False
logs/classification_ts/JapaneseVowels_patch-16_stride-16_lr-0.0005.log,JapaneseVowels,patch-16_stride-16_lr-0.0005,0.0,0.0,91.7117117117117,0.7749842582921254,3,False,False
logs/classification_ts/JapaneseVowels_patch-16_stride-16_lr-0.002.log,JapaneseVowels,patch-16_stride-16_lr-0.002,0.0,0.0,95.40540540540542,0.5838505133700801,3,False,False
logs/classification_ts/JapaneseVowels_patch-16_stride-2_lr-0.0001.log,JapaneseVowels,patch-16_stride-2_lr-0.0001,0.0,0.0,80.45045045045045,3.2532378532014024,3,False,False
logs/classification_ts/JapaneseVowels_patch-16_stride-2_lr-0.0005.log,JapaneseVowels,patch-16_stride-2_lr-0.0005,0.0,0.0,93.78378378378379,0.9618989416244429,3,False,False
logs/classification_ts/JapaneseVowels_patch-16_stride-2_lr-0.002.log,JapaneseVowels,patch-16_stride-2_lr-0.002,0.0,0.0,94.05405405405406,1.9614000952321828,3,False,False
logs/classification_ts/JapaneseVowels_patch-16_stride-4_lr-0.0001.log,JapaneseVowels,patch-16_stride-4_lr-0.0001,0.0,0.0,73.78378378378378,6.711560552140246,3,False,False
logs/classification_ts/JapaneseVowels_patch-16_stride-4_lr-0.0005.log,JapaneseVowels,patch-16_stride-4_lr-0.0005,0.0,0.0,93.87387387387388,0.6370331362040956,3,False,False
logs/classification_ts/JapaneseVowels_patch-16_stride-4_lr-0.002.log,JapaneseVowels,patch-16_stride-4_lr-0.002,0.0,0.0,95.40540540540542,1.3423121104280507,3,False,False
logs/classification_ts/JapaneseVowels_patch-16_stride-8_lr-0.0001.log,JapaneseVowels,patch-16_stride-8_lr-0.0001,0.0,0.0,62.612612612612615,4.30362915765628,3,False,False
logs/classification_ts/JapaneseVowels_patch-16_stride-8_lr-0.0005.log,JapaneseVowels,patch-16_stride-8_lr-0.0005,0.0,0.0,90.36036036036036,0.12740662724081808,3,False,False
logs/classification_ts/JapaneseVowels_patch-16_stride-8_lr-0.002.log,JapaneseVowels,patch-16_stride-8_lr-0.002,0.0,0.0,94.86486486486486,0.6620242548062621,3,False,False
logs/classification_ts/JapaneseVowels_patch-8_stride-16_lr-0.0001.log,JapaneseVowels,patch-8_stride-16_lr-0.0001,0.0,0.0,54.864864864864856,3.904134897300979,3,False,False
logs/classification_ts/JapaneseVowels_patch-8_stride-16_lr-0.0005.log,JapaneseVowels,patch-8_stride-16_lr-0.0005,0.0,0.0,87.11711711711713,2.7591698794799178,3,False,False
logs/classification_ts/JapaneseVowels_patch-8_stride-16_lr-0.002.log,JapaneseVowels,patch-8_stride-16_lr-0.002,0.0,0.0,92.52252252252254,0.4593711273507003,3,False,False
logs/classification_ts/JapaneseVowels_patch-8_stride-2_lr-0.0001.log,JapaneseVowels,patch-8_stride-2_lr-0.0001,0.0,0.0,85.76576576576578,1.2153817624533336,3,False,False
logs/classification_ts/JapaneseVowels_patch-8_stride-2_lr-0.0005.log,JapaneseVowels,patch-8_stride-2_lr-0.0005,0.0,0.0,94.05405405405406,0.44134950320417626,3,False,False
logs/classification_ts/JapaneseVowels_patch-8_stride-2_lr-0.002.log,JapaneseVowels,patch-8_stride-2_lr-0.002,0.0,0.0,95.40540540540542,0.7644397634449136,3,False,False
logs/classification_ts/JapaneseVowels_patch-8_stride-4_lr-0.0001.log,JapaneseVowels,patch-8_stride-4_lr-0.0001,0.0,0.0,73.33333333333334,2.002352321702059,3,False,False
logs/classification_ts/JapaneseVowels_patch-8_stride-4_lr-0.0005.log,JapaneseVowels,patch-8_stride-4_lr-0.0005,0.0,0.0,92.25225225225225,1.43579977031615,3,False,False
logs/classification_ts/JapaneseVowels_patch-8_stride-4_lr-0.002.log,JapaneseVowels,patch-8_stride-4_lr-0.002,0.0,0.0,95.58558558558559,0.7749842582921297,3,False,False
logs/classification_ts/JapaneseVowels_patch-8_stride-8_lr-0.0001.log,JapaneseVowels,patch-8_stride-8_lr-0.0001,0.0,0.0,57.567567567567565,5.463650162182454,3,False,False
logs/classification_ts/JapaneseVowels_patch-8_stride-8_lr-0.0005.log,JapaneseVowels,patch-8_stride-8_lr-0.0005,0.0,0.0,90.36036036036036,1.850688160736411,3,False,False
logs/classification_ts/JapaneseVowels_patch-8_stride-8_lr-0.002.log,JapaneseVowels,patch-8_stride-8_lr-0.002,0.0,0.0,93.96396396396396,0.33708625106071693,3,False,False
logs/classification_ts/KuHar_patch-16_stride-16_aLLM4TS-A_norm-yes.log,KuHar,patch-16_stride-16_aLLM4TS-A_norm-yes,45.13888888888889,1.14966546494995,0.0,0.0,0,True,True
logs/classification_ts/KuHar_patch-16_stride-4_aLLM4TS-A_norm-yes.log,KuHar,patch-16_stride-4_aLLM4TS-A_norm-yes,0.0,0.0,0.0,0.0,0,True,False
logs/classification_ts/KuHar_patch-16_stride-8_aLLM4TS-A_norm-yes.log,KuHar,patch-16_stride-8_aLLM4TS-A_norm-yes,0.0,0.0,0.0,0.0,0,True,False
logs/classification_ts/KuHar_patch-8_stride-8_aLLM4TS-AD_norm-no.log,KuHar,patch-8_stride-8_aLLM4TS-AD_norm-no,47.76234567901234,1.2003355853475344,75.46296296296296,1.8226870078731066,3,False,True
logs/classification_ts/KuHar_patch-8_stride-8_aLLM4TS-AD_norm-yes.log,KuHar,patch-8_stride-8_aLLM4TS-AD_norm-yes,48.91975308641975,2.0904656148370475,72.22222222222221,3.9283710065919326,3,False,True
logs/classification_ts/KuHar_patch-8_stride-8_aLLM4TS-AE_norm-no.log,KuHar,patch-8_stride-8_aLLM4TS-AE_norm-no,48.76543209876543,1.0409519724716083,71.99074074074075,2.291549753845294,3,False,True
logs/classification_ts/KuHar_patch-8_stride-8_aLLM4TS-AE_norm-yes.log,KuHar,patch-8_stride-8_aLLM4TS-AE_norm-yes,45.98765432098766,3.147542909625175,71.75925925925925,1.1803285911094419,3,False,True
logs/classification_ts/KuHar_patch-8_stride-8_aLLM4TS-A_norm-no.log,KuHar,patch-8_stride-8_aLLM4TS-A_norm-no,47.608024691358025,0.545607084248879,67.82407407407408,2.909677104161238,3,False,True
logs/classification_ts/KuHar_patch-8_stride-8_aLLM4TS-A_norm-yes.log,KuHar,patch-8_stride-8_aLLM4TS-A_norm-yes,48.379629629629626,3.92837100659193,70.60185185185185,3.224163953051878,3,False,True
logs/classification_ts/MotionSense_patch-16_stride-16_aLLM4TS-A_norm-yes.log,MotionSense,patch-16_stride-16_aLLM4TS-A_norm-yes,62.61904761904762,0.0,0.0,0.0,0,True,True
logs/classification_ts/MotionSense_patch-16_stride-8_aLLM4TS-A_norm-yes.log,MotionSense,patch-16_stride-8_aLLM4TS-A_norm-yes,0.0,0.0,0.0,0.0,0,True,False
logs/classification_ts/MotionSense_patch-8_stride-8_aLLM4TS-AD_norm-no.log,MotionSense,patch-8_stride-8_aLLM4TS-AD_norm-no,66.66666666666666,1.1825130496628058,89.83050847457626,1.4404009925403358,3,False,True
logs/classification_ts/MotionSense_patch-8_stride-8_aLLM4TS-AD_norm-yes.log,MotionSense,patch-8_stride-8_aLLM4TS-AD_norm-yes,66.42857142857143,2.0481726826291986,90.67796610169493,0.8866570553562797,3,False,True
logs/classification_ts/MotionSense_patch-8_stride-8_aLLM4TS-AE_norm-no.log,MotionSense,patch-8_stride-8_aLLM4TS-AE_norm-no,65.95238095238095,0.8908708063747448,90.6151914626491,2.889338725138745,3,False,True
logs/classification_ts/MotionSense_patch-8_stride-8_aLLM4TS-AE_norm-yes.log,MotionSense,patch-8_stride-8_aLLM4TS-AE_norm-yes,68.49206349206348,1.0706934573993692,91.08600125549279,0.3792544247832559,3,False,True
logs/classification_ts/MotionSense_patch-8_stride-8_aLLM4TS-A_norm-no.log,MotionSense,patch-8_stride-8_aLLM4TS-A_norm-no,67.53968253968253,2.3516718079411163,89.01443816698054,2.3750890662137607,3,False,True
logs/classification_ts/MotionSense_patch-8_stride-8_aLLM4TS-A_norm-yes.log,MotionSense,patch-8_stride-8_aLLM4TS-A_norm-yes,68.41269841269842,2.0234204419019,87.88449466415568,5.884599265302158,3,False,True
logs/classification_ts/PEMS-SF_patch-16_stride-16_lr-0.0001.log,PEMS-SF,patch-16_stride-16_lr-0.0001,0.0,0.0,54.72061657032755,6.4078185542643125,3,False,False
logs/classification_ts/PEMS-SF_patch-16_stride-16_lr-0.0005.log,PEMS-SF,patch-16_stride-16_lr-0.0005,0.0,0.0,56.84007707129094,1.9649400823093572,3,False,False
logs/classification_ts/PEMS-SF_patch-16_stride-16_lr-0.002.log,PEMS-SF,patch-16_stride-16_lr-0.002,0.0,0.0,51.445086705202314,10.04517179016345,3,False,False
logs/classification_ts/PEMS-SF_patch-16_stride-2_lr-0.0001.log,PEMS-SF,patch-16_stride-2_lr-0.0001,0.0,0.0,52.02312138728323,4.789904776360714,3,False,False
logs/classification_ts/PEMS-SF_patch-16_stride-2_lr-0.0005.log,PEMS-SF,patch-16_stride-2_lr-0.0005,0.0,0.0,44.701348747591524,8.314238539649871,3,False,False
logs/classification_ts/PEMS-SF_patch-16_stride-2_lr-0.002.log,PEMS-SF,patch-16_stride-2_lr-0.002,0.0,0.0,39.4990366088632,5.4701616826891675,3,False,False
logs/classification_ts/PEMS-SF_patch-16_stride-4_lr-0.0001.log,PEMS-SF,patch-16_stride-4_lr-0.0001,0.0,0.0,58.766859344894016,8.314238539649871,3,False,False
logs/classification_ts/PEMS-SF_patch-16_stride-4_lr-0.0005.log,PEMS-SF,patch-16_stride-4_lr-0.0005,0.0,0.0,48.747591522158,5.470161682689166,3,False,False
logs/classification_ts/PEMS-SF_patch-16_stride-4_lr-0.002.log,PEMS-SF,patch-16_stride-4_lr-0.002,0.0,0.0,41.42581888246628,5.901114771142024,3,False,False
logs/classification_ts/PEMS-SF_patch-16_stride-8_lr-0.0001.log,PEMS-SF,patch-16_stride-8_lr-0.0001,0.0,0.0,56.45472061657033,3.478895970186475,3,False,False
logs/classification_ts/PEMS-SF_patch-16_stride-8_lr-0.0005.log,PEMS-SF,patch-16_stride-8_lr-0.0005,0.0,0.0,57.22543352601156,7.7981141984000235,3,False,False
logs/classification_ts/PEMS-SF_patch-16_stride-8_lr-0.002.log,PEMS-SF,patch-16_stride-8_lr-0.002,0.0,0.0,47.01348747591522,9.167920811846106,3,False,False
logs/classification_ts/PEMS-SF_patch-8_stride-16_lr-0.0001.log,PEMS-SF,patch-8_stride-16_lr-0.0001,0.0,0.0,51.05973025048169,4.23015383431602,3,False,False
logs/classification_ts/PEMS-SF_patch-8_stride-16_lr-0.0005.log,PEMS-SF,patch-8_stride-16_lr-0.0005,0.0,0.0,62.813102119460495,0.7209359126732081,3,False,False
logs/classification_ts/PEMS-SF_patch-8_stride-16_lr-0.002.log,PEMS-SF,patch-8_stride-16_lr-0.002,0.0,0.0,46.4354527938343,2.599371399466673,3,False,False
logs/classification_ts/PEMS-SF_patch-8_stride-2_lr-0.0001.log,PEMS-SF,patch-8_stride-2_lr-0.0001,0.0,0.0,59.53757225433526,2.162807738019616,3,False,False
logs/classification_ts/PEMS-SF_patch-8_stride-2_lr-0.0005.log,PEMS-SF,patch-8_stride-2_lr-0.0005,0.0,0.0,35.64547206165703,9.131403168456867,3,False,False
logs/classification_ts/PEMS-SF_patch-8_stride-2_lr-0.002.log,PEMS-SF,patch-8_stride-2_lr-0.002,0.0,0.0,27.9383429672447,7.673336320516329,3,False,False
logs/classification_ts/PEMS-SF_patch-8_stride-4_lr-0.0001.log,PEMS-SF,patch-8_stride-4_lr-0.0001,0.0,0.0,54.142581888246625,3.6659532929557717,3,False,False
logs/classification_ts/PEMS-SF_patch-8_stride-4_lr-0.0005.log,PEMS-SF,patch-8_stride-4_lr-0.0005,0.0,0.0,54.72061657032755,1.786824372927882,3,False,False
logs/classification_ts/PEMS-SF_patch-8_stride-4_lr-0.002.log,PEMS-SF,patch-8_stride-4_lr-0.002,0.0,0.0,38.921001926782274,5.17727508383214,3,False,False
logs/classification_ts/PEMS-SF_patch-8_stride-8_lr-0.0001.log,PEMS-SF,patch-8_stride-8_lr-0.0001,0.0,0.0,51.63776493256261,5.4701616826891675,3,False,False
logs/classification_ts/PEMS-SF_patch-8_stride-8_lr-0.0005.log,PEMS-SF,patch-8_stride-8_lr-0.0005,0.0,0.0,60.69364161849712,2.162807738019616,3,False,False
logs/classification_ts/PEMS-SF_patch-8_stride-8_lr-0.002.log,PEMS-SF,patch-8_stride-8_lr-0.002,0.0,0.0,42.38921001926783,3.542346109990412,3,False,False
logs/classification_ts/RealWorld_thigh_patch-16_stride-16_aLLM4TS-A_norm-yes.log,RealWorld_thigh,patch-16_stride-16_aLLM4TS-A_norm-yes,72.13232650125855,1.2223173773307106,0.0,0.0,0,True,True
logs/classification_ts/RealWorld_thigh_patch-16_stride-4_aLLM4TS-A_norm-yes.log,RealWorld_thigh,patch-16_stride-4_aLLM4TS-A_norm-yes,0.0,0.0,0.0,0.0,0,True,False
logs/classification_ts/RealWorld_thigh_patch-16_stride-8_aLLM4TS-A_norm-yes.log,RealWorld_thigh,patch-16_stride-8_aLLM4TS-A_norm-yes,72.6537216828479,1.3673609019655901,0.0,0.0,0,True,True
logs/classification_ts/RealWorld_thigh_patch-8_stride-16_aLLM4TS-A_norm-yes.log,RealWorld_thigh,patch-8_stride-16_aLLM4TS-A_norm-yes,0.0,0.0,0.0,0.0,0,True,False
logs/classification_ts/RealWorld_thigh_patch-8_stride-8_aLLM4TS-AD_norm-no.log,RealWorld_thigh,patch-8_stride-8_aLLM4TS-AD_norm-no,71.44911902193455,0.8463575905026842,79.76765585461237,0.5074015412954411,3,False,True
logs/classification_ts/RealWorld_thigh_patch-8_stride-8_aLLM4TS-AD_norm-yes.log,RealWorld_thigh,patch-8_stride-8_aLLM4TS-AD_norm-yes,74.12801150665229,0.6741579740831611,73.07338394294916,4.457033771454202,3,False,True
logs/classification_ts/RealWorld_thigh_patch-8_stride-8_aLLM4TS-AE_norm-no.log,RealWorld_thigh,patch-8_stride-8_aLLM4TS-AE_norm-no,72.54584681769148,1.041239283392326,76.76558546123763,1.5188983167125132,3,False,True
logs/classification_ts/RealWorld_thigh_patch-8_stride-8_aLLM4TS-AE_norm-yes.log,RealWorld_thigh,patch-8_stride-8_aLLM4TS-AE_norm-yes,71.77274361740382,0.5995444804218991,75.5923625488843,1.3992066986298537,3,False,True
logs/classification_ts/RealWorld_thigh_patch-8_stride-8_aLLM4TS-A_norm-no.log,RealWorld_thigh,patch-8_stride-8_aLLM4TS-A_norm-no,73.03128371089537,0.8840913954077099,76.42051989878075,1.2738897532975324,3,False,True
logs/classification_ts/RealWorld_thigh_patch-8_stride-8_aLLM4TS-A_norm-yes.log,RealWorld_thigh,patch-8_stride-8_aLLM4TS-A_norm-yes,72.70765911542611,1.6729301423161602,77.85829307568439,0.41054907516850186,3,False,True
logs/classification_ts/RealWorld_waist_patch-16_stride-16_aLLM4TS-A_norm-yes.log,RealWorld_waist,patch-16_stride-16_aLLM4TS-A_norm-yes,71.75476447321107,0.92518377060544,0.0,0.0,0,True,True
logs/classification_ts/RealWorld_waist_patch-16_stride-4_aLLM4TS-A_norm-yes.log,RealWorld_waist,patch-16_stride-4_aLLM4TS-A_norm-yes,0.0,0.0,0.0,0.0,0,True,False
logs/classification_ts/RealWorld_waist_patch-16_stride-8_aLLM4TS-A_norm-yes.log,RealWorld_waist,patch-16_stride-8_aLLM4TS-A_norm-yes,75.80906148867315,2.0765911542610596,0.0,0.0,0,True,True
logs/classification_ts/RealWorld_waist_patch-8_stride-8_aLLM4TS-AD_norm-no.log,RealWorld_waist,patch-8_stride-8_aLLM4TS-AD_norm-no,76.60913340524989,1.0084360778410744,79.19238683127573,0.5422625679605984,3,False,True
logs/classification_ts/RealWorld_waist_patch-8_stride-8_aLLM4TS-AD_norm-yes.log,RealWorld_waist,patch-8_stride-8_aLLM4TS-AD_norm-yes,75.7101761956131,0.09167600707646349,80.25977366255144,1.0776411350378914,3,False,True
logs/classification_ts/RealWorld_waist_patch-8_stride-8_aLLM4TS-AE_norm-no.log,RealWorld_waist,patch-8_stride-8_aLLM4TS-AE_norm-no,77.148507731032,0.8745333697961396,79.92541152263374,0.7301990517787244,3,False,True
logs/classification_ts/RealWorld_waist_patch-8_stride-8_aLLM4TS-AE_norm-yes.log,RealWorld_waist,patch-8_stride-8_aLLM4TS-AE_norm-yes,76.57317511686443,1.2834640990704598,80.25977366255144,0.3810579318423093,3,False,True
logs/classification_ts/RealWorld_waist_patch-8_stride-8_aLLM4TS-A_norm-no.log,RealWorld_waist,patch-8_stride-8_aLLM4TS-A_norm-no,76.95073714491191,0.990975460591202,79.80967078189302,1.1686411844481823,3,False,True
logs/classification_ts/RealWorld_waist_patch-8_stride-8_aLLM4TS-A_norm-yes.log,RealWorld_waist,patch-8_stride-8_aLLM4TS-A_norm-yes,79.03631787126932,1.032197058209803,79.64248971193415,1.0716392312757028,3,False,True
logs/classification_ts/SelfRegulationSCP1_patch-16_stride-16_lr-0.0001.log,SelfRegulationSCP1,patch-16_stride-16_lr-0.0001,0.0,0.0,84.18657565415245,5.753887880046324,3,False,False
logs/classification_ts/SelfRegulationSCP1_patch-16_stride-16_lr-0.0005.log,SelfRegulationSCP1,patch-16_stride-16_lr-0.0005,0.0,0.0,87.5995449374289,0.7012985213844123,3,False,False
logs/classification_ts/SelfRegulationSCP1_patch-16_stride-16_lr-0.002.log,SelfRegulationSCP1,patch-16_stride-16_lr-0.002,0.0,0.0,86.12059158134244,2.7913183495757226,3,False,False
logs/classification_ts/SelfRegulationSCP1_patch-16_stride-2_lr-0.0001.log,SelfRegulationSCP1,patch-16_stride-2_lr-0.0001,0.0,0.0,0.0,0.0,0,True,False
logs/classification_ts/SelfRegulationSCP1_patch-16_stride-2_lr-0.0005.log,SelfRegulationSCP1,patch-16_stride-2_lr-0.0005,0.0,0.0,0.0,0.0,0,True,False
logs/classification_ts/SelfRegulationSCP1_patch-16_stride-2_lr-0.002.log,SelfRegulationSCP1,patch-16_stride-2_lr-0.002,0.0,0.0,0.0,0.0,0,True,False
logs/classification_ts/SelfRegulationSCP1_patch-16_stride-4_lr-0.0001.log,SelfRegulationSCP1,patch-16_stride-4_lr-0.0001,0.0,0.0,85.89306029579066,1.3746354918765171,3,False,False
logs/classification_ts/SelfRegulationSCP1_patch-16_stride-4_lr-0.0005.log,SelfRegulationSCP1,patch-16_stride-4_lr-0.0005,0.0,0.0,87.82707622298066,0.3217778298914888,3,False,False
logs/classification_ts/SelfRegulationSCP1_patch-16_stride-4_lr-0.002.log,SelfRegulationSCP1,patch-16_stride-4_lr-0.002,0.0,0.0,88.62343572241184,1.3746354918765151,3,False,False
logs/classification_ts/SelfRegulationSCP1_patch-16_stride-8_lr-0.0001.log,SelfRegulationSCP1,patch-16_stride-8_lr-0.0001,0.0,0.0,84.30034129692832,2.9491425248727423,3,False,False
logs/classification_ts/SelfRegulationSCP1_patch-16_stride-8_lr-0.0005.log,SelfRegulationSCP1,patch-16_stride-8_lr-0.0005,0.0,0.0,87.82707622298066,0.160888914945747,3,False,False
logs/classification_ts/SelfRegulationSCP1_patch-16_stride-8_lr-0.002.log,SelfRegulationSCP1,patch-16_stride-8_lr-0.002,0.0,0.0,87.37201365187714,1.740279697471942,3,False,False
logs/classification_ts/SelfRegulationSCP1_patch-8_stride-16_lr-0.0001.log,SelfRegulationSCP1,patch-8_stride-16_lr-0.0001,0.0,0.0,83.27645051194538,2.658321148020004,3,False,False
logs/classification_ts/SelfRegulationSCP1_patch-8_stride-16_lr-0.0005.log,SelfRegulationSCP1,patch-8_stride-16_lr-0.0005,0.0,0.0,87.03071672354949,1.2770161729603897,3,False,False
logs/classification_ts/SelfRegulationSCP1_patch-8_stride-16_lr-0.002.log,SelfRegulationSCP1,patch-8_stride-16_lr-0.002,0.0,0.0,88.73720136518772,3.103113014103722,3,False,False
logs/classification_ts/SelfRegulationSCP1_patch-8_stride-2_lr-0.0001.log,SelfRegulationSCP1,patch-8_stride-2_lr-0.0001,0.0,0.0,0.0,0.0,0,True,False
logs/classification_ts/SelfRegulationSCP1_patch-8_stride-2_lr-0.0005.log,SelfRegulationSCP1,patch-8_stride-2_lr-0.0005,0.0,0.0,0.0,0.0,0,True,False
logs/classification_ts/SelfRegulationSCP1_patch-8_stride-2_lr-0.002.log,SelfRegulationSCP1,patch-8_stride-2_lr-0.002,0.0,0.0,0.0,0.0,0,True,False
logs/classification_ts/SelfRegulationSCP1_patch-8_stride-4_lr-0.0001.log,SelfRegulationSCP1,patch-8_stride-4_lr-0.0001,0.0,0.0,86.80318543799773,2.7492709837530325,3,False,False
logs/classification_ts/SelfRegulationSCP1_patch-8_stride-4_lr-0.0005.log,SelfRegulationSCP1,patch-8_stride-4_lr-0.0005,0.0,0.0,82.25255972696246,4.834705201564452,3,False,False
logs/classification_ts/SelfRegulationSCP1_patch-8_stride-4_lr-0.002.log,SelfRegulationSCP1,patch-8_stride-4_lr-0.002,0.0,0.0,84.98293515358361,1.9506744254246013,3,False,False
logs/classification_ts/SelfRegulationSCP1_patch-8_stride-8_lr-0.0001.log,SelfRegulationSCP1,patch-8_stride-8_lr-0.0001,0.0,0.0,86.46188850967008,2.5285677782585725,3,False,False
logs/classification_ts/SelfRegulationSCP1_patch-8_stride-8_lr-0.0005.log,SelfRegulationSCP1,patch-8_stride-8_lr-0.0005,0.0,0.0,87.94084186575654,0.5800932324906466,3,False,False
logs/classification_ts/SelfRegulationSCP1_patch-8_stride-8_lr-0.002.log,SelfRegulationSCP1,patch-8_stride-8_lr-0.002,0.0,0.0,89.64732650739477,2.1283602882673147,3,False,False
logs/classification_ts/SelfRegulationSCP2_patch-16_stride-16_lr-0.0001.log,SelfRegulationSCP2,patch-16_stride-16_lr-0.0001,0.0,0.0,55.925925925925924,1.5930231976004856,3,False,False
logs/classification_ts/SelfRegulationSCP2_patch-16_stride-16_lr-0.0005.log,SelfRegulationSCP2,patch-16_stride-16_lr-0.0005,0.0,0.0,54.629629629629626,2.143673500516706,3,False,False
logs/classification_ts/SelfRegulationSCP2_patch-16_stride-16_lr-0.002.log,SelfRegulationSCP2,patch-16_stride-16_lr-0.002,0.0,0.0,51.481481481481474,1.7173367584251296,3,False,False
logs/classification_ts/SelfRegulationSCP2_patch-16_stride-2_lr-0.0001.log,SelfRegulationSCP2,patch-16_stride-2_lr-0.0001,0.0,0.0,0.0,0.0,0,True,False
logs/classification_ts/SelfRegulationSCP2_patch-16_stride-2_lr-0.0005.log,SelfRegulationSCP2,patch-16_stride-2_lr-0.0005,0.0,0.0,0.0,0.0,0,True,False
logs/classification_ts/SelfRegulationSCP2_patch-16_stride-2_lr-0.002.log,SelfRegulationSCP2,patch-16_stride-2_lr-0.002,0.0,0.0,0.0,0.0,0,True,False
logs/classification_ts/SelfRegulationSCP2_patch-16_stride-4_lr-0.0001.log,SelfRegulationSCP2,patch-16_stride-4_lr-0.0001,0.0,0.0,52.77777777777778,0.4536092116265129,3,False,False
logs/classification_ts/SelfRegulationSCP2_patch-16_stride-4_lr-0.0005.log,SelfRegulationSCP2,patch-16_stride-4_lr-0.0005,0.0,0.0,52.407407407407405,1.385799032138497,3,False,False
logs/classification_ts/SelfRegulationSCP2_patch-16_stride-4_lr-0.002.log,SelfRegulationSCP2,patch-16_stride-4_lr-0.002,0.0,0.0,53.333333333333336,2.3570226039551607,3,False,False
logs/classification_ts/SelfRegulationSCP2_patch-16_stride-8_lr-0.0001.log,SelfRegulationSCP2,patch-16_stride-8_lr-0.0001,0.0,0.0,56.111111111111114,0.7856742013183834,3,False,False
logs/classification_ts/SelfRegulationSCP2_patch-16_stride-8_lr-0.0005.log,SelfRegulationSCP2,patch-16_stride-8_lr-0.0005,0.0,0.0,55.925925925925924,0.5237828008789222,3,False,False
logs/classification_ts/SelfRegulationSCP2_patch-16_stride-8_lr-0.002.log,SelfRegulationSCP2,patch-16_stride-8_lr-0.002,0.0,0.0,53.14814814814813,1.4581496062984836,3,False,False
logs/classification_ts/SelfRegulationSCP2_patch-8_stride-16_lr-0.0001.log,SelfRegulationSCP2,patch-8_stride-16_lr-0.0001,0.0,0.0,54.99999999999999,1.9772367133391298,3,False,False
logs/classification_ts/SelfRegulationSCP2_patch-8_stride-16_lr-0.0005.log,SelfRegulationSCP2,patch-8_stride-16_lr-0.0005,0.0,0.0,53.333333333333336,1.200137166371827,3,False,False
logs/classification_ts/SelfRegulationSCP2_patch-8_stride-16_lr-0.002.log,SelfRegulationSCP2,patch-8_stride-16_lr-0.002,0.0,0.0,55.37037037037037,0.9442628728875531,3,False,False
logs/classification_ts/SelfRegulationSCP2_patch-8_stride-2_lr-0.0001.log,SelfRegulationSCP2,patch-8_stride-2_lr-0.0001,0.0,0.0,0.0,0.0,0,True,False
logs/classification_ts/SelfRegulationSCP2_patch-8_stride-2_lr-0.0005.log,SelfRegulationSCP2,patch-8_stride-2_lr-0.0005,0.0,0.0,0.0,0.0,0,True,False
logs/classification_ts/SelfRegulationSCP2_patch-8_stride-2_lr-0.002.log,SelfRegulationSCP2,patch-8_stride-2_lr-0.002,0.0,0.0,0.0,0.0,0,True,False
logs/classification_ts/SelfRegulationSCP2_patch-8_stride-4_lr-0.0001.log,SelfRegulationSCP2,patch-8_stride-4_lr-0.0001,0.0,0.0,56.666666666666664,1.3608276348795432,3,False,False
logs/classification_ts/SelfRegulationSCP2_patch-8_stride-4_lr-0.0005.log,SelfRegulationSCP2,patch-8_stride-4_lr-0.0005,0.0,0.0,54.44444444444444,0.0,3,False,False
logs/classification_ts/SelfRegulationSCP2_patch-8_stride-4_lr-0.002.log,SelfRegulationSCP2,patch-8_stride-4_lr-0.002,0.0,0.0,54.629629629629626,1.3094570021973106,3,False,False
logs/classification_ts/SelfRegulationSCP2_patch-8_stride-8_lr-0.0001.log,SelfRegulationSCP2,patch-8_stride-8_lr-0.0001,0.0,0.0,56.48148148148149,1.5930231976004898,3,False,False
logs/classification_ts/SelfRegulationSCP2_patch-8_stride-8_lr-0.0005.log,SelfRegulationSCP2,patch-8_stride-8_lr-0.0005,0.0,0.0,53.70370370370371,1.3094570021973106,3,False,False
logs/classification_ts/SelfRegulationSCP2_patch-8_stride-8_lr-0.002.log,SelfRegulationSCP2,patch-8_stride-8_lr-0.002,0.0,0.0,52.77777777777778,2.832788618662657,3,False,False
logs/classification_ts/SpokenArabicDigits_patch-16_stride-16_lr-0.0001.log,SpokenArabicDigits,patch-16_stride-16_lr-0.0001,0.0,0.0,96.22555707139608,0.4377604692494653,3,False,False
logs/classification_ts/SpokenArabicDigits_patch-16_stride-16_lr-0.0005.log,SpokenArabicDigits,patch-16_stride-16_lr-0.0005,0.0,0.0,98.19614976504471,0.4944522185933019,3,False,False
logs/classification_ts/SpokenArabicDigits_patch-16_stride-16_lr-0.002.log,SpokenArabicDigits,patch-16_stride-16_lr-0.002,0.0,0.0,98.33257541306656,0.29781541161722935,3,False,False
logs/classification_ts/SpokenArabicDigits_patch-16_stride-2_lr-0.0001.log,SpokenArabicDigits,patch-16_stride-2_lr-0.0001,0.0,0.0,98.0900409276944,0.24348004250733737,3,False,False
logs/classification_ts/SpokenArabicDigits_patch-16_stride-2_lr-0.0005.log,SpokenArabicDigits,patch-16_stride-2_lr-0.0005,0.0,0.0,98.62058511444597,0.1868853722288597,3,False,False
logs/classification_ts/SpokenArabicDigits_patch-16_stride-2_lr-0.002.log,SpokenArabicDigits,patch-16_stride-2_lr-0.002,0.0,0.0,98.74185235713205,0.0567175592962519,3,False,False
logs/classification_ts/SpokenArabicDigits_patch-16_stride-4_lr-0.0001.log,SpokenArabicDigits,patch-16_stride-4_lr-0.0001,0.0,0.0,97.9839320903441,0.2835877964812733,3,False,False
logs/classification_ts/SpokenArabicDigits_patch-16_stride-4_lr-0.0005.log,SpokenArabicDigits,patch-16_stride-4_lr-0.0005,0.0,0.0,98.51447627709565,0.15006055686845107,3,False,False
logs/classification_ts/SpokenArabicDigits_patch-16_stride-4_lr-0.002.log,SpokenArabicDigits,patch-16_stride-4_lr-0.002,0.0,0.0,98.51447627709565,0.3001211137369029,3,False,False
logs/classification_ts/SpokenArabicDigits_patch-16_stride-8_lr-0.0001.log,SpokenArabicDigits,patch-16_stride-8_lr-0.0001,0.0,0.0,97.78687282097923,0.07729300460198191,3,False,False
logs/classification_ts/SpokenArabicDigits_patch-16_stride-8_lr-0.0005.log,SpokenArabicDigits,patch-16_stride-8_lr-0.0005,0.0,0.0,98.42352584508109,0.09344268611443016,3,False,False
logs/classification_ts/SpokenArabicDigits_patch-16_stride-8_lr-0.002.log,SpokenArabicDigits,patch-16_stride-8_lr-0.002,0.0,0.0,98.3477338184023,0.25274112476175636,3,False,False
logs/classification_ts/SpokenArabicDigits_patch-8_stride-16_lr-0.0001.log,SpokenArabicDigits,patch-8_stride-16_lr-0.0001,0.0,0.0,95.61922085796574,0.47015499224710894,3,False,False
logs/classification_ts/SpokenArabicDigits_patch-8_stride-16_lr-0.0005.log,SpokenArabicDigits,patch-8_stride-16_lr-0.0005,0.0,0.0,97.46854630892831,0.37926318033035444,3,False,False
logs/classification_ts/SpokenArabicDigits_patch-8_stride-16_lr-0.002.log,SpokenArabicDigits,patch-8_stride-16_lr-0.002,0.0,0.0,97.21085341822041,0.1905382005453465,3,False,False
logs/classification_ts/SpokenArabicDigits_patch-8_stride-2_lr-0.0001.log,SpokenArabicDigits,patch-8_stride-2_lr-0.0001,0.0,0.0,98.71153554646051,0.3157900053963836,3,False,False
logs/classification_ts/SpokenArabicDigits_patch-8_stride-2_lr-0.0005.log,SpokenArabicDigits,patch-8_stride-2_lr-0.0005,0.0,0.0,98.71153554646051,0.11935740297122516,3,False,False
logs/classification_ts/SpokenArabicDigits_patch-8_stride-2_lr-0.002.log,SpokenArabicDigits,patch-8_stride-2_lr-0.002,0.0,0.0,98.2719417917235,0.037130358386893186,3,False,False
logs/classification_ts/SpokenArabicDigits_patch-8_stride-4_lr-0.0001.log,SpokenArabicDigits,patch-8_stride-4_lr-0.0001,0.0,0.0,97.92329846900105,0.2387148059424536,3,False,False
logs/classification_ts/SpokenArabicDigits_patch-8_stride-4_lr-0.0005.log,SpokenArabicDigits,patch-8_stride-4_lr-0.0005,0.0,0.0,98.46900106108838,0.085748889639115,3,False,False
logs/classification_ts/SpokenArabicDigits_patch-8_stride-4_lr-0.002.log,SpokenArabicDigits,patch-8_stride-4_lr-0.002,0.0,0.0,98.72669395179626,0.3929507775296539,3,False,False
logs/classification_ts/SpokenArabicDigits_patch-8_stride-8_lr-0.0001.log,SpokenArabicDigits,patch-8_stride-8_lr-0.0001,0.0,0.0,97.77171441564349,0.2318790138059486,3,False,False
logs/classification_ts/SpokenArabicDigits_patch-8_stride-8_lr-0.0005.log,SpokenArabicDigits,patch-8_stride-8_lr-0.0005,0.0,0.0,98.51447627709565,0.09344268611442956,3,False,False
logs/classification_ts/SpokenArabicDigits_patch-8_stride-8_lr-0.002.log,SpokenArabicDigits,patch-8_stride-8_lr-0.002,0.0,0.0,98.6054267091102,0.3369123961026664,3,False,False
logs/classification_ts/UCI_patch-16_stride-16_aLLM4TS-A_norm-yes.log,UCI,patch-16_stride-16_aLLM4TS-A_norm-yes,86.76470588235294,0.0,0.0,0.0,0,True,True
logs/classification_ts/UCI_patch-16_stride-4_aLLM4TS-A_norm-yes.log,UCI,patch-16_stride-4_aLLM4TS-A_norm-yes,0.0,0.0,0.0,0.0,0,True,False
logs/classification_ts/UCI_patch-16_stride-8_aLLM4TS-A_norm-yes.log,UCI,patch-16_stride-8_aLLM4TS-A_norm-yes,0.0,0.0,0.0,0.0,0,True,False
logs/classification_ts/UCI_patch-8_stride-8_aLLM4TS-AD_norm-no.log,UCI,patch-8_stride-8_aLLM4TS-AD_norm-no,89.11764705882354,1.1004874666982192,88.69565217391303,2.8424523059624436,3,False,True
logs/classification_ts/UCI_patch-8_stride-8_aLLM4TS-AD_norm-yes.log,UCI,patch-8_stride-8_aLLM4TS-AD_norm-yes,89.41176470588235,1.460751414289347,88.45410628019324,1.6065979853445305,3,False,True
logs/classification_ts/UCI_patch-8_stride-8_aLLM4TS-AE_norm-no.log,UCI,patch-8_stride-8_aLLM4TS-AE_norm-no,91.96078431372548,1.6346403922091235,91.01449275362317,0.20495848730044738,3,False,True
logs/classification_ts/UCI_patch-8_stride-8_aLLM4TS-AE_norm-yes.log,UCI,patch-8_stride-8_aLLM4TS-AE_norm-yes,90.0,0.8658589084635164,92.02898550724639,1.395123582434168,3,False,True
logs/classification_ts/UCI_patch-8_stride-8_aLLM4TS-A_norm-no.log,UCI,patch-8_stride-8_aLLM4TS-A_norm-no,90.49019607843137,1.598971218656875,91.06280193236715,1.3612563095270889,3,False,True
logs/classification_ts/UCI_patch-8_stride-8_aLLM4TS-A_norm-yes.log,UCI,patch-8_stride-8_aLLM4TS-A_norm-yes,90.0,0.2401460532140362,91.54589371980677,1.0338615729001268,3,False,True
logs/classification_ts/UWaveGestureLibrary_patch-16_stride-16_lr-0.0001.log,UWaveGestureLibrary,patch-16_stride-16_lr-0.0001,0.0,0.0,68.43749999999999,2.338535866733715,3,False,False
logs/classification_ts/UWaveGestureLibrary_patch-16_stride-16_lr-0.0005.log,UWaveGestureLibrary,patch-16_stride-16_lr-0.0005,0.0,0.0,84.27083333333334,0.29462782549439903,3,False,False
logs/classification_ts/UWaveGestureLibrary_patch-16_stride-16_lr-0.002.log,UWaveGestureLibrary,patch-16_stride-16_lr-0.002,0.0,0.0,86.35416666666667,1.0311973892303827,3,False,False
logs/classification_ts/UWaveGestureLibrary_patch-16_stride-2_lr-0.0001.log,UWaveGestureLibrary,patch-16_stride-2_lr-0.0001,0.0,0.0,77.60416666666666,1.473139127471974,3,False,False
logs/classification_ts/UWaveGestureLibrary_patch-16_stride-2_lr-0.0005.log,UWaveGestureLibrary,patch-16_stride-2_lr-0.0005,0.0,0.0,75.20833333333333,5.268403590167415,3,False,False
logs/classification_ts/UWaveGestureLibrary_patch-16_stride-2_lr-0.002.log,UWaveGestureLibrary,patch-16_stride-2_lr-0.002,0.0,0.0,0.0,0.0,0,True,False
logs/classification_ts/UWaveGestureLibrary_patch-16_stride-4_lr-0.0001.log,UWaveGestureLibrary,patch-16_stride-4_lr-0.0001,0.0,0.0,81.77083333333334,0.9660019266141393,3,False,False
logs/classification_ts/UWaveGestureLibrary_patch-16_stride-4_lr-0.0005.log,UWaveGestureLibrary,patch-16_stride-4_lr-0.0005,0.0,0.0,79.47916666666669,1.473139127471974,3,False,False
logs/classification_ts/UWaveGestureLibrary_patch-16_stride-4_lr-0.002.log,UWaveGestureLibrary,patch-16_stride-4_lr-0.002,0.0,0.0,75.625,1.7860862707794019,3,False,False
logs/classification_ts/UWaveGestureLibrary_patch-16_stride-8_lr-0.0001.log,UWaveGestureLibrary,patch-16_stride-8_lr-0.0001,0.0,0.0,80.83333333333333,1.8458380361113909,3,False,False
logs/classification_ts/UWaveGestureLibrary_patch-16_stride-8_lr-0.0005.log,UWaveGestureLibrary,patch-16_stride-8_lr-0.0005,0.0,0.0,82.29166666666666,1.4052851628366723,3,False,False
logs/classification_ts/UWaveGestureLibrary_patch-16_stride-8_lr-0.002.log,UWaveGestureLibrary,patch-16_stride-8_lr-0.002,0.0,0.0,82.39583333333333,3.0654039519921197,3,False,False
logs/classification_ts/UWaveGestureLibrary_patch-8_stride-16_lr-0.0001.log,UWaveGestureLibrary,patch-8_stride-16_lr-0.0001,0.0,0.0,70.52083333333333,2.55580086383027,3,False,False
logs/classification_ts/UWaveGestureLibrary_patch-8_stride-16_lr-0.0005.log,UWaveGestureLibrary,patch-8_stride-16_lr-0.0005,0.0,0.0,83.64583333333333,1.3093546968725553,3,False,False
logs/classification_ts/UWaveGestureLibrary_patch-8_stride-16_lr-0.002.log,UWaveGestureLibrary,patch-8_stride-16_lr-0.002,0.0,0.0,0.0,0.0,0,True,False
logs/classification_ts/UWaveGestureLibrary_patch-8_stride-2_lr-0.0001.log,UWaveGestureLibrary,patch-8_stride-2_lr-0.0001,0.0,0.0,80.52083333333333,1.9819059990042138,3,False,False
logs/classification_ts/UWaveGestureLibrary_patch-8_stride-2_lr-0.0005.log,UWaveGestureLibrary,patch-8_stride-2_lr-0.0005,0.0,0.0,79.47916666666667,0.5311478659992509,3,False,False
logs/classification_ts/UWaveGestureLibrary_patch-8_stride-2_lr-0.002.log,UWaveGestureLibrary,patch-8_stride-2_lr-0.002,0.0,0.0,75.41666666666667,5.366352863496357,3,False,False
logs/classification_ts/UWaveGestureLibrary_patch-8_stride-4_lr-0.0001.log,UWaveGestureLibrary,patch-8_stride-4_lr-0.0001,0.0,0.0,81.77083333333334,0.5311478659992458,3,False,False
logs/classification_ts/UWaveGestureLibrary_patch-8_stride-4_lr-0.0005.log,UWaveGestureLibrary,patch-8_stride-4_lr-0.0005,0.0,0.0,79.0625,3.197085261088085,3,False,False
logs/classification_ts/UWaveGestureLibrary_patch-8_stride-4_lr-0.002.log,UWaveGestureLibrary,patch-8_stride-4_lr-0.002,0.0,0.0,0.0,0.0,0,True,False
logs/classification_ts/UWaveGestureLibrary_patch-8_stride-8_lr-0.0001.log,UWaveGestureLibrary,patch-8_stride-8_lr-0.0001,0.0,0.0,80.0,1.6731644171051063,3,False,False
logs/classification_ts/UWaveGestureLibrary_patch-8_stride-8_lr-0.0005.log,UWaveGestureLibrary,patch-8_stride-8_lr-0.0005,0.0,0.0,83.75,2.267868860112212,3,False,False
logs/classification_ts/UWaveGestureLibrary_patch-8_stride-8_lr-0.002.log,UWaveGestureLibrary,patch-8_stride-8_lr-0.002,0.0,0.0,79.79166666666666,3.3202869688560908,3,False,False
logs/classification_ts/WISDM_patch-16_stride-16_aLLM4TS-A_norm-yes.log,WISDM,patch-16_stride-16_aLLM4TS-A_norm-yes,84.0042372881356,1.601877997487821,0.0,0.0,0,True,True
logs/classification_ts/WISDM_patch-16_stride-4_aLLM4TS-A_norm-yes.log,WISDM,patch-16_stride-4_aLLM4TS-A_norm-yes,0.0,0.0,0.0,0.0,0,True,False
logs/classification_ts/WISDM_patch-16_stride-8_aLLM4TS-A_norm-yes.log,WISDM,patch-16_stride-8_aLLM4TS-A_norm-yes,88.02966101694916,0.0,0.0,0.0,0,True,True
logs/classification_ts/WISDM_patch-8_stride-8_aLLM4TS-AD_norm-no.log,WISDM,patch-8_stride-8_aLLM4TS-AD_norm-no,86.61723163841808,0.4266612278811617,82.43727598566308,0.4789627991262091,3,False,True
logs/classification_ts/WISDM_patch-8_stride-8_aLLM4TS-AD_norm-yes.log,WISDM,patch-8_stride-8_aLLM4TS-AD_norm-yes,85.69915254237289,1.601877997487821,84.152585765489,0.9579255982524182,3,False,True
logs/classification_ts/WISDM_patch-8_stride-8_aLLM4TS-AE_norm-no.log,WISDM,patch-8_stride-8_aLLM4TS-AE_norm-no,87.95903954802259,1.5696405911647515,84.56221198156682,0.09406642637416385,3,False,True
logs/classification_ts/WISDM_patch-8_stride-8_aLLM4TS-AE_norm-yes.log,WISDM,patch-8_stride-8_aLLM4TS-AE_norm-yes,86.40536723163842,0.8663731741797529,83.678955453149,0.624753422524956,3,False,True
logs/classification_ts/WISDM_patch-8_stride-8_aLLM4TS-A_norm-no.log,WISDM,patch-8_stride-8_aLLM4TS-A_norm-no,87.60593220338984,1.5080619000044235,84.6774193548387,0.9285668757461434,3,False,True
logs/classification_ts/WISDM_patch-8_stride-8_aLLM4TS-A_norm-yes.log,WISDM,patch-8_stride-8_aLLM4TS-A_norm-yes,87.57062146892656,0.18005012406754572,84.38300051203278,0.44046724357617106,3,False,True
